Symbol,Volume
AAL,30541902.000000
AAME,35275.000000
AAOI,456328.000000
AAON,37186.000000
AAPL,54350605.000000
AAWW,226471.000000
AAXJ,616787.000000
ABCB,365623.000000
ABEO,2207399.000000
ABIO,549743.000000
ABMD,115038.000000
ABTX,19050.000000
ABUS,954615.000000
ACAD,424071.000000
ACBI,36454.000000
ACET,131632.000000
ACGL,3245900.000000
ACHC,194709.000000
ACIW,156704.000000
ACLS,137155.000000
ACNB,3721.000000
ACOR,117215.000000
ACRS,156449.000000
ACRX,1345449.000000
ACST,11814789.000000
ACTG,464941.000000
ACUR,541.000000
ACWI,1455369.000000
ACWX,615255.000000
ADAP,333555.000000
ADBE,1095351.000000
ADES,116313.000000
ADI,968568.000000
ADMA,1698185.000000
ADMP,4353606.000000
ADMS,212081.000000
ADP,462726.000000
ADRE,26773.000000
ADSK,542148.000000
ADTN,101580.000000
ADUS,53461.000000
ADVM,366943.000000
ADXS,6667737.000000
AEGN,84626.000000
AEHR,149322.000000
AEIS,65727.000000
AEMD,152023.000000
AERI,468138.000000
AEY,19169.000000
AEZS,3273292.000000
AFMD,717105.000000
AGEN,1910052.000000
AGFS,58600.000000
AGIO,331048.000000
AGLE,105650.000000
AGNC,2493967.000000
AGNCP,13379.000000
AGRX,784904.000000
AGTC,1178731.000000
AGYS,100931.000000
AGZD,8460.000000
AHPI,29290.000000
AIA,86480.000000
AIMC,175710.000000
AINV,189996.000000
AIQ,18760.000000
AIRG,128678.000000
AIRR,28689.000000
AIRT,8044.000000
AKAM,736020.000000
AKBA,2439846.000000
AKER,174421.000000
AKTX,37866.000000
ALCO,21185.000000
ALDX,241460.000000
ALGN,345529.000000
ALGT,69291.000000
ALIM,5675.000000
ALJJ,140750.000000
ALKS,731338.000000
ALLT,78608.000000
ALNY,224855.000000
ALOT,34053.000000
ALRM,136278.000000
ALSK,249529.000000
ALTY,9984.000000
ALXN,1303234.000000
AMAT,3281687.000000
AMBA,2381809.000000
AMBC,187855.000000
AMCX,629564.000000
AMD,23459818.000000
AMED,99037.000000
AMGN,930284.000000
AMKR,667269.000000
AMNB,7778.000000
AMOT,4702.000000
AMOV,1413.000000
AMPH,81700.000000
AMRB,2314.000000
AMRK,151513.000000
AMRN,2926209.000000
AMRS,4890834.000000
AMSC,94295.000000
AMSF,18286.000000
AMSWA,50649.000000
AMTX,3897842.000000
AMWD,27984.000000
AMZN,1792158.000000
ANAT,11048.000000
ANDA,22157.000000
ANDAR,86560.000000
ANDAU,0.000000
ANDAW,88190.000000
ANDE,102340.000000
ANGI,726474.000000
ANGO,60789.000000
ANIK,16082.000000
ANIP,9958.000000
ANSS,329436.000000
ANTH,254472.000000
ANY,222260.000000
AOSL,103040.000000
APDN,309761.000000
APEI,85805.000000
APOG,60630.000000
APOP,107506.000000
APOPW,12621.000000
APPF,190020.000000
APPS,2581743.000000
APTO,554479.000000
APVO,46060.000000
APWC,63958.000000
AQMS,1093177.000000
ARAY,393197.000000
ARCB,190566.000000
ARCC,1200803.000000
ARCW,19056.000000
ARDX,409748.000000
ARKR,17428.000000
ARLP,317162.000000
ARNA,768528.000000
AROW,23369.000000
ARRY,909703.000000
ARTNA,8102.000000
ARTW,28004.000000
ARWR,331054.000000
ASET,1514.000000
ASMB,1314799.000000
ASML,445365.000000
ASND,135202.000000
ASPS,14422.000000
ASRV,49948.000000
ASRVP,0.000000
ASTC,552044.000000
ASTE,29185.000000
ASUR,17274.000000
ASYS,65801.000000
ATAX,36613.000000
ATEC,265550.000000
ATHX,1861184.000000
ATLC,88151.000000
ATLO,43583.000000
ATNI,7011.000000
ATOS,4883280.000000
ATRA,510895.000000
ATRC,166250.000000
ATRI,4696.000000
ATRO,200600.000000
ATRS,1576498.000000
ATSG,97758.000000
ATVI,2387272.000000
AUBN,5383.000000
AUDC,62989.000000
AUPH,1446094.000000
AVAV,471687.000000
AVEO,255234.000000
AVGO,830494.000000
AVGR,2698187.000000
AVID,183752.000000
AVIR,191515.000000
AVNW,120218.000000
AVXL,961753.000000
AWRE,15825.000000
AXAS,444190.000000
AXDX,66783.000000
AXGN,93457.000000
AXSM,103909.000000
AXTI,273382.000000
AZPN,125762.000000
BANF,71444.000000
BANFP,0.000000
BANR,73919.000000
BANX,8480.000000
BASI,52872.000000
BATRA,48681.000000
BATRK,108796.000000
BBBY,7485652.000000
BBC,6824.000000
BBGI,36743.000000
BBH,5510.000000
BBP,372.000000
BBSI,12581.000000
BCBP,64717.000000
BCLI,532894.000000
BCOR,151186.000000
BCOV,145946.000000
BCPC,22862.000000
BCRX,2515910.000000
BDSI,407312.000000
BEBE,0.000000
BECN,237971.000000
BELFA,564.000000
BELFB,8065.000000
BFIN,25019.000000
BFIT,3328.000000
BGCP,1043100.000000
BGFV,1540884.000000
BGNE,99301.000000
BIB,87926.000000
BICK,1355.000000
BIDU,4913870.000000
BIIB,495730.000000
BIOC,236850.000000
BIOL,6095043.000000
BIS,51875.000000
BJRI,146923.000000
BKCC,142789.000000
BKEP,163961.000000
BKEPP,15064.000000
BKSC,9296.000000
BLBD,59174.000000
BLCM,383487.000000
BLDP,4017788.000000
BLDR,690900.000000
BLFS,78819.000000
BLIN,146977.000000
BLKB,118884.000000
BLMN,1003113.000000
BLPH,15994.000000
BLRX,668705.000000
BLUE,731130.000000
BMRA,51324.000000
BMRC,9211.000000
BMRN,455161.000000
BMTC,49173.000000
BNDX,1702107.000000
BNFT,63977.000000
BNSO,1664.000000
BNTC,119164.000000
BOCH,30579.000000
BOKF,61320.000000
BOKFL,3357.000000
BOOM,34411.000000
BOSC,221822.000000
BOTJ,0.000000
BOTZ,865949.000000
BPFH,231015.000000
BPMC,160023.000000
BPOP,235435.000000
BPOPM,0.000000
BPOPN,1.000000
BPTH,169397.000000
BRID,1267.000000
BRKL,90050.000000
BRKR,202661.000000
BRKS,379685.000000
BSET,15209.000000
BSPM,0.000000
BSQR,294915.000000
BSRR,17673.000000
BSTG,0.000000
BTEC,16902.000000
BUFF,3273.000000
BUR,210705.000000
BUSE,80879.000000
BV,38406.000000
BVXV,291562.000000
BWEN,224888.000000
BWFG,22880.000000
BYFC,1270178.000000
BZUN,334339.000000
CAAS,35867.000000
CAC,7973.000000
CACC,36826.000000
CAKE,640536.000000
CALA,395307.000000
CALI,15308.000000
CALM,69616.000000
CAMP,73320.000000
CAMT,150357.000000
CAPR,164982.000000
CAR,859028.000000
CARA,337715.000000
CARV,761346.000000
CARZ,4314.000000
CASH,56451.000000
CASI,111306.000000
CASS,45229.000000
CASY,72853.000000
CATB,510311.000000
CATH,8202.000000
CATM,279744.000000
CATY,187543.000000
CBAN,15950.000000
CBAY,1072729.000000
CBFV,2899.000000
CBIO,154808.000000
CBLI,73745.000000
CBNK,7946.000000
CBOE,265835.000000
CBPO,69331.000000
CBRL,103436.000000
CBSH,147492.000000
CCBG,10374.000000
CCD,78999.000000
CCLP,36075.000000
CCMP,59416.000000
CCNE,33032.000000
CCOI,146326.000000
CCRC,147277.000000
CCRN,97262.000000
CCUR,4001.000000
CCXI,295213.000000
CDC,12010.000000
CDK,312251.000000
CDL,3238.000000
CDNA,366682.000000
CDNS,1103874.000000
CDOR,49424.000000
CDTI,6076.000000
CDTX,578317.000000
CDW,253964.000000
CDXC,2712802.000000
CDXS,295005.000000
CDZI,24563.000000
CECE,121552.000000
CEMI,360532.000000
CENT,32722.000000
CENTA,92619.000000
CENX,745267.000000
CERC,292810.000000
CERN,900691.000000
CERS,1470813.000000
CETX,712091.000000
CEVA,138069.000000
CEZ,100.000000
CFA,6327.000000
CFBK,341.000000
CFFI,4203.000000
CFFN,173901.000000
CFMS,6123370.000000
CFNB,0.000000
CFO,11215.000000
CFRX,122948.000000
CG,392951.000000
CGEN,716625.000000
CGIX,368264.000000
CGNT,152837.000000
CGNX,521120.000000
CGO,12477.000000
CHCI,14089.000000
CHCO,13967.000000
CHDN,106632.000000
CHEF,253171.000000
CHEK,1507434.000000
CHI,126316.000000
CHKP,347225.000000
CHMA,4466031.000000
CHMG,440.000000
CHNR,231270.000000
CHRS,740232.000000
CHRW,351434.000000
CHSCL,8298.000000
CHSCM,2895.000000
CHSCN,2702.000000
CHSCO,4957.000000
CHSCP,8861.000000
CHTR,611477.000000
CHUY,128239.000000
CHW,89667.000000
CHY,116069.000000
CIBR,372834.000000
CID,768.000000
CIDM,6218633.000000
CIGI,24657.000000
CIL,0.000000
CINF,258433.000000
CIVB,13049.000000
CIZ,6441.000000
CIZN,1.000000
CJJD,214297.000000
CLBS,7446125.000000
CLDX,230123.000000
CLFD,97503.000000
CLIR,71276.000000
CLLS,192119.000000
CLMT,163779.000000
CLNE,2584153.000000
CLRB,790377.000000
CLRBZ,37306.000000
CLRO,79145.000000
CLSD,59374.000000
CLSN,3309545.000000
CLVS,4000238.000000
CLWT,89306.000000
CMCO,41317.000000
CMCSA,9339882.000000
CMCT,3740.000000
CME,435694.000000
CMLS,50677.000000
CMPR,48244.000000
CMRX,393522.000000
CMTL,152905.000000
CNBKA,21923.000000
CNCE,177005.000000
CNCR,2120.000000
CNET,1060953.000000
CNFR,39077.000000
CNMD,102787.000000
CNOB,56232.000000
CNSL,217515.000000
CNTY,126980.000000
CNXN,18623.000000
COHR,76115.000000
COHU,677941.000000
COKE,9644.000000
COLB,267260.000000
COLL,171232.000000
COLM,127519.000000
COMM,708993.000000
COMT,146412.000000
CONE,307029.000000
CONN,62590.000000
COOL,337707.000000
CORE,96539.000000
CORT,232178.000000
COST,2005607.000000
COWN,324901.000000
COWNL,1797.000000
CPHC,3.000000
CPIX,34525.000000
CPLP,64002.000000
CPRT,440653.000000
CPRX,852361.000000
CPSH,592129.000000
CPSI,24778.000000
CPSS,12700.000000
CPST,183953.000000
CPTA,7233.000000
CRAI,4602.000000
CRBP,3251125.000000
CREE,518316.000000
CREG,42012.000000
CRESY,139810.000000
CRIS,432219.000000
CRMT,9071.000000
CRNT,1276062.000000
CROX,339484.000000
CRTO,749078.000000
CRUS,196516.000000
CRVL,19909.000000
CRVS,550550.000000
CRWS,6876.000000
CSA,228.000000
CSB,8519.000000
CSBR,20149.000000
CSCO,5688910.000000
CSF,8768.000000
CSGP,108618.000000
CSGS,37306.000000
CSII,49008.000000
CSIQ,1587406.000000
CSOD,225173.000000
CSPI,7897.000000
CSQ,129893.000000
CSTE,37199.000000
CSWC,127944.000000
CSWI,24960.000000
CSX,892874.000000
CTAS,130811.000000
CTBI,37038.000000
CTG,36216.000000
CTHR,92581.000000
CTIB,302538.000000
CTIC,234289.000000
CTMX,371080.000000
CTRE,134426.000000
CTRN,82786.000000
CTSH,1113495.000000
CTSO,73419.000000
CTXS,438762.000000
CUBA,15974.000000
CUTR,15535.000000
CVBF,105725.000000
CVCO,10984.000000
CVCY,24377.000000
CVGI,154237.000000
CVGW,25572.000000
CVLT,106114.000000
CVLY,26197.000000
CVV,13059.000000
CWBC,1.000000
CWCO,33750.000000
CWST,66898.000000
CXDC,123343.000000
CXSE,169214.000000
CYAD,2640.000000
CYAN,3055.000000
CYBE,25200.000000
CYBR,223570.000000
CYCC,313220.000000
CYCCP,0.000000
CYRN,3635771.000000
CYRX,387634.000000
CYTK,206837.000000
CYTR,52446.000000
CZNC,24980.000000
CZR,1240314.000000
CZWI,4463.000000
DAIO,78521.000000
DAKT,314390.000000
DAX,2772.000000
DBVT,93441.000000
DCOM,52682.000000
DCTH,28793.000000
DENN,181023.000000
DFVL,7.000000
DFVS,239.000000
DGICA,59744.000000
DGICB,5.000000
DGII,164513.000000
DGLY,4430516.000000
DGRE,4107.000000
DGRS,5808.000000
DGRW,140440.000000
DHIL,30878.000000
DIOD,70407.000000
DISCA,2876645.000000
DISCB,942.000000
DISCK,2073829.000000
DISH,2370508.000000
DJCO,7.000000
DLHC,3684.000000
DLTH,291188.000000
DLTR,3406798.000000
DMLP,12883.000000
DMRC,59288.000000
DORM,17613.000000
DOX,257509.000000
DRIO,135026.000000
DRIOW,17154.000000
DRNA,469807.000000
DRRX,780134.000000
DSGX,61193.000000
DSPG,62154.000000
DSWL,5836.000000
DTEA,91895.000000
DVAX,1593398.000000
DVCR,0.000000
DWAT,0.000000
DWFI,38970.000000
DWIN,21128.000000
DWSN,107272.000000
DXCM,529285.000000
DXGE,0.000000
DXJS,1579.000000
DXLG,90098.000000
DXPE,26634.000000
DXYN,89105.000000
DYNT,590619.000000
DYSL,582.000000
DZSI,29560.000000
EA,1189331.000000
EAC,3554.000000
EARS,177139.000000
EBAY,4410150.000000
EBIX,221396.000000
EBMT,29204.000000
EBSB,56760.000000
EBTC,2128.000000
ECHO,39003.000000
ECOL,55796.000000
ECPG,500319.000000
EDAP,100907.000000
EDIT,1364792.000000
EDUC,15674.000000
EEFT,50693.000000
EEMA,48095.000000
EFOI,109723.000000
EFSC,44870.000000
EGAN,185868.000000
EGBN,24724.000000
EGHT,288483.000000
EGLE,22578.000000
EGOV,294242.000000
EGRX,52967.000000
EHTH,351114.000000
EIGR,90207.000000
EKSO,103037.000000
ELSE,2304.000000
ELTK,5948.000000
EMCB,779.000000
EMCF,4205.000000
EMIF,6756.000000
EMITF,0.000000
EMKR,388255.000000
EML,6412.000000
EMMS,0.000000
ENDP,1972470.000000
ENG,635360.000000
ENPH,2411842.000000
ENSG,74432.000000
ENTA,50720.000000
ENTG,304866.000000
ENZL,3450.000000
EPAY,107107.000000
EPIX,105876.000000
EPZM,381850.000000
EQBK,12621.000000
EQFN,0.000000
EQIX,232312.000000
ERIC,3113750.000000
ERIE,11512.000000
ERII,165894.000000
ESBK,5403.000000
ESCA,8556.000000
ESEA,18809.000000
ESG,429.000000
ESGD,165991.000000
ESGE,523694.000000
ESGG,1218.000000
ESGR,33975.000000
ESLT,10866.000000
ESMC,12275.000000
ESPR,209101.000000
ESSA,18132.000000
ESXB,83100.000000
ETSY,4430871.000000
EUFN,615973.000000
EVGBC,0.000000
EVK,56912.000000
EVLMC,0.000000
EVOK,174858.000000
EVOL,246793.000000
EVSTC,0.000000
EWBC,269170.000000
EWZS,53390.000000
EXAS,624664.000000
EXEL,374103.000000
EXFO,78307.000000
EXLS,49692.000000
EXPD,250440.000000
EXPE,1379783.000000
EXPO,43258.000000
EXTR,505907.000000
EYEG,49638.000000
EYES,185723.000000
EZPW,111901.000000
FAAR,7360.000000
FAB,1615.000000
FAD,1279.000000
FALC,835.000000
FALN,181487.000000
FANG,1874427.000000
FARM,128079.000000
FARO,43246.000000
FAST,1169682.000000
FATE,473899.000000
FB,8087032.000000
FBIO,2453463.000000
FBIZ,13855.000000
FBMS,23093.000000
FBNC,74027.000000
FBSS,750.000000
FBZ,0.000000
FCA,0.000000
FCAP,1967.000000
FCBC,30876.000000
FCCO,19689.000000
FCCY,5799.000000
FCEL,13223068.000000
FCNCA,16965.000000
FCVT,4311.000000
FDIV,1064.000000
FDT,6698.000000
FDTS,35.000000
FDUS,65895.000000
FEIM,266.000000
FELE,40344.000000
FEM,103531.000000
FEMB,50399.000000
FEMS,17112.000000
FEP,13416.000000
FEUZ,582.000000
FEX,8170.000000
FEYE,1501680.000000
FFBC,371898.000000
FFHL,9117.000000
FFIC,38564.000000
FFIN,228979.000000
FFIV,200343.000000
FFNW,915.000000
FFWM,49836.000000
FGBI,1742.000000
FGEN,1750984.000000
FGM,614.000000
FHB,202115.000000
FIBK,111537.000000
FINX,185293.000000
FISI,77037.000000
FISV,1226075.000000
FITB,3304259.000000
FITBI,28537.000000
FIVE,626672.000000
FIVN,436687.000000
FIZZ,227460.000000
FJP,987.000000
FKU,908.000000
FLDM,1703416.000000
FLEX,1315432.000000
FLIC,29780.000000
FLIR,503977.000000
FLL,145750.000000
FLN,1.000000
FLWS,493794.000000
FLXN,325950.000000
FLXS,21112.000000
FMB,92203.000000
FMBH,19714.000000
FMBI,301425.000000
FMNB,56747.000000
FNHC,108110.000000
FNK,2738.000000
FNLC,21276.000000
FNWB,10666.000000
FNX,13007.000000
FNY,92688.000000
FOLD,2203290.000000
FONR,16728.000000
FORD,97408.000000
FORM,161667.000000
FORR,11869.000000
FORTY,5487.000000
FOSL,200708.000000
FOX,1646612.000000
FOXA,8293392.000000
FOXF,57036.000000
FPA,75.000000
FPRX,277557.000000
FPXI,149063.000000
FRBA,40614.000000
FRBK,187917.000000
FRGI,46019.000000
FRME,55038.000000
FRPH,8092.000000
FRPT,151171.000000
FSAM,35250.000000
FSBW,18636.000000
FSFG,569.000000
FSLR,1102599.000000
FSTR,37928.000000
FSV,14155.000000
FSZ,400.000000
FTA,30958.000000
FTAG,600.000000
FTC,11186.000000
FTCS,372142.000000
FTEK,205679.000000
FTGC,244221.000000
FTHI,4872.000000
FTLB,50.000000
FTNT,1044641.000000
FTRI,75372.000000
FTSL,185900.000000
FTSM,206987.000000
FULT,407222.000000
FUNC,3946.000000
FUND,15632.000000
FV,85411.000000
FVC,4094.000000
FVE,82271.000000
FWP,4872.000000
FWRD,35174.000000
FYC,125258.000000
FYT,44542.000000
FYX,24578.000000
GABC,24441.000000
GAIA,89169.000000
GAIN,95451.000000
GALT,94177.000000
GASS,52510.000000
GBCI,179232.000000
GBDC,357497.000000
GBLI,4.000000
GBT,216732.000000
GCBC,11.000000
GDEN,64571.000000
GENC,9534.000000
GENE,1486460.000000
GENY,120802.000000
GEOS,8382.000000
GERN,1868266.000000
GEVO,11860410.000000
GFED,0.000000
GFN,92383.000000
GFNCP,2.000000
GGAL,184491.000000
GIFI,15213.000000
GIGA,122.000000
GIGM,62463.000000
GIII,192804.000000
GILD,2856409.000000
GILT,879713.000000
GLAD,149059.000000
GLBS,538169.000000
GLBZ,1.000000
GLDD,64488.000000
GLDI,195761.000000
GLMD,219074.000000
GLNG,1579466.000000
GLPG,100333.000000
GLPI,577769.000000
GLRE,75784.000000
GLRI,7400.000000
GLUU,2040496.000000
GLYC,882591.000000
GMLP,85674.000000
GNCA,174299.000000
GNMA,14545.000000
GNMK,309352.000000
GNTX,489748.000000
GOGL,256198.000000
GOGO,980682.000000
GOLD,14783464.000000
GOOD,209364.000000
GOODM,6002.000000
GOOG,645539.000000
GOOGL,673310.000000
GPACU,164469.000000
GPP,92477.000000
GPRE,614483.000000
GPRO,3277122.000000
GRBK,114009.000000
GRFS,343856.000000
GRID,18327.000000
GRMN,344024.000000
GROW,102451.000000
GRPN,1107692.000000
GRVY,29382.000000
GSBC,30223.000000
GSIT,28198.000000
GSM,2283682.000000
GT,3411158.000000
GTIM,19637.000000
GTLS,148952.000000
GURE,31239.000000
GWGH,6401.000000
GWPH,593100.000000
GWRS,10781.000000
GYRO,2.000000
HA,347976.000000
HAFC,150545.000000
HAIN,176290.000000
HALL,112824.000000
HALO,500075.000000
HAS,214246.000000
HAYN,15450.000000
HBAN,5112508.000000
HBANN,1598.000000
HBANO,17476.000000
HBANP,53481.000000
HBCP,25953.000000
HBIO,58806.000000
HBMD,8908.000000
HBNC,55517.000000
HBP,93611.000000
HCAP,2880.000000
HCCI,27076.000000
HCKT,36459.000000
HCM,78120.000000
HCSG,511232.000000
HDSN,316589.000000
HEAR,208741.000000
HEES,114205.000000
HELE,117422.000000
HFBL,100.000000
HFWA,45046.000000
HGSH,12123.000000
HIBB,162680.000000
HIFS,5569.000000
HIHO,206446.000000
HIMX,1376375.000000
HLG,3448.000000
HLIT,157372.000000
HMHC,746382.000000
HMNF,0.000000
HMNY,10339712.000000
HMST,25153.000000
HMSY,278154.000000
HMTV,20174.000000
HNNA,4579.000000
HNRG,159554.000000
HOFT,11044.000000
HOLI,64170.000000
HOLX,750788.000000
HOMB,320716.000000
HONE,157866.000000
HOPE,325019.000000
HOVNP,6778.000000
HQY,198004.000000
HRTX,314394.000000
HRZN,993953.000000
HSIC,279987.000000
HSII,32236.000000
HSKA,285798.000000
HSON,14237.000000
HSTM,70042.000000
HTBI,80511.000000
HTBK,222567.000000
HTBX,3540302.000000
HTGM,136879.000000
HTHT,298303.000000
HTLD,79170.000000
HTLF,283160.000000
HUBG,41115.000000
HURC,24821.000000
HURN,52561.000000
HWBK,2071.000000
HWCC,38115.000000
HWKN,34699.000000
HYLS,139574.000000
HYZD,6740.000000
HZNP,936642.000000
IAC,220059.000000
IART,51505.000000
IBB,1962517.000000
IBCP,36613.000000
IBKR,337782.000000
IBOC,129897.000000
IBTX,67207.000000
IBUY,140104.000000
ICAD,482740.000000
ICBK,28907.000000
ICCC,22114.000000
ICFI,50075.000000
ICLN,5490426.000000
ICLR,640219.000000
ICON,108202.000000
ICPT,640749.000000
ICUI,28230.000000
IDCC,55624.000000
IDLB,0.000000
IDRA,244862.000000
IDXG,33304.000000
IDXX,201863.000000
IEP,160691.000000
IESC,14657.000000
IEUS,488.000000
IFGL,3411.000000
IFV,65471.000000
IGF,105681.000000
IGLD,0.000000
IGOV,23946.000000
III,23975.000000
IIIN,28006.000000
IIN,69049.000000
IIVI,365625.000000
IKNX,1994.000000
ILMN,560201.000000
IMGN,1399771.000000
IMKTA,85949.000000
IMMR,549779.000000
IMOS,3064.000000
INBK,41388.000000
INCY,525238.000000
INDB,53628.000000
INDY,39960.000000
INFI,1263078.000000
INFN,834852.000000
INFO,671232.000000
INGN,105207.000000
INO,10138477.000000
INOD,59520.000000
INOV,383788.000000
INSM,913881.000000
INTC,12695463.000000
INTG,1402.000000
INTU,507188.000000
INVA,97040.000000
INVE,25290.000000
INVT,0.000000
IONS,301266.000000
IOSP,28534.000000
IPAR,104533.000000
IPDN,86212.000000
IPGP,86406.000000
IPKW,2437.000000
IPWR,173459.000000
IRBT,305089.000000
IRCP,7516.000000
IRDM,839104.000000
IRIX,515748.000000
IRMD,12753.000000
IROQ,1113.000000
IRWD,2240261.000000
ISBC,1763209.000000
ISHG,103.000000
ISIG,6156.000000
ISNS,5145.000000
ISRG,161111.000000
ISSC,7071.000000
ISTR,5501.000000
ITCI,216735.000000
ITEQ,22049.000000
ITI,103735.000000
ITIC,1654.000000
ITRI,92037.000000
ITRN,18879.000000
IVAC,14572.000000
IXUS,1356692.000000
IZEA,1696456.000000
JACK,176866.000000
JAGX,4908662.000000
JAKK,39674.000000
JAZZ,229226.000000
JBHT,212643.000000
JBLU,3598944.000000
JBSS,12070.000000
JCOM,157767.000000
JCS,989832.000000
JCTCF,995.000000
JD,5903259.000000
JJSF,38272.000000
JKHY,248133.000000
JKI,5563.000000
JOBS,70808.000000
JOUT,6548.000000
JRJC,11117.000000
JRVR,37193.000000
JSM,19859.000000
JSMD,17010.000000
JSML,8608.000000
JVA,14830.000000
JYNT,222408.000000
KALU,38904.000000
KBAL,115046.000000
KBSF,44849.000000
KE,47092.000000
KELYA,41784.000000
KELYB,1812.000000
KEQU,2006.000000
KFFB,41.000000
KFRC,80741.000000
KGJI,32868.000000
KHC,2334705.000000
KIN,105556.000000
KINS,639.000000
KIRK,388893.000000
KLAC,396978.000000
KLIC,217159.000000
KMDA,180993.000000
KMPH,49666279.000000
KNDI,1036199.000000
KNSL,48706.000000
KOPN,4471276.000000
KOSS,954327.000000
KPTI,1610000.000000
KRMA,2554.000000
KRNT,57531.000000
KRNY,153014.000000
KTCC,6909.000000
KTOS,287066.000000
KURA,594733.000000
KVHI,18643.000000
KWEB,987341.000000
LAKE,117565.000000
LAMR,228213.000000
LANC,15019.000000
LAND,145027.000000
LARK,13709.000000
LAWS,5891.000000
LBAI,169775.000000
LBRDA,25250.000000
LBRDK,434142.000000
LBTYA,642299.000000
LBTYB,635.000000
LBTYK,1348424.000000
LCNB,15410.000000
LCUT,7821.000000
LE,57965.000000
LECO,54364.000000
LEDS,40296.000000
LFUS,35197.000000
LFVN,56349.000000
LGIH,256589.000000
LGND,125463.000000
LHCG,81707.000000
LIFE,204152.000000
LILA,110370.000000
LILAK,298951.000000
LINC,294300.000000
LIND,291352.000000
LINK,1924.000000
LITE,397042.000000
LIVE,4075.000000
LIVN,403183.000000
LJPC,187441.000000
LKFN,27271.000000
LKOR,4611.000000
LKQ,1293511.000000
LLNW,2415160.000000
LMAT,77174.000000
LMBS,550274.000000
LMFA,1323333.000000
LMNR,17152.000000
LMNX,515887.000000
LMRK,34941.000000
LMRKO,1153.000000
LMRKP,390.000000
LNDC,15117.000000
LNGR,8430.000000
LNTH,98643.000000
LOAN,18387.000000
LOB,103610.000000
LOCO,103682.000000
LOGI,968748.000000
LONE,1346.000000
LOPE,119669.000000
LORL,52578.000000
LPCN,1656091.000000
LPLA,161180.000000
LPSN,483925.000000
LPTH,470498.000000
LQDT,112712.000000
LRCX,751157.000000
LSBK,0.000000
LSCC,528021.000000
LSTR,72244.000000
LSXMA,122936.000000
LSXMB,0.000000
LSXMK,162255.000000
LTBR,101852.000000
LTRPA,769868.000000
LTRPB,47.000000
LTRX,55318.000000
LULU,862922.000000
LUNA,52831.000000
LVHD,16233.000000
LWAY,8042.000000
LXRX,510209.000000
LYTS,26940.000000
MACK,54933.000000
MACQU,332714.000000
MAGS,13578.000000
MANH,87561.000000
MANT,149469.000000
MAR,824149.000000
MARA,12417612.000000
MARK,1520846.000000
MARPS,17142.000000
MASI,98562.000000
MAT,741234.000000
MATN,365051.000000
MATW,51822.000000
MAYS,0.000000
MBCN,9064.000000
MBII,229604.000000
MBRX,421430.000000
MBSD,2465.000000
MBUU,71958.000000
MBWM,35426.000000
MCBC,54954.000000
MCFT,40877.000000
MCHI,3832066.000000
MCHP,1054445.000000
MCHX,123379.000000
MCRB,801667.000000
MCRI,60033.000000
MDCA,166133.000000
MDGL,34786.000000
MDGS,890207.000000
MDIV,40756.000000
MDLZ,3486459.000000
MDRX,1222101.000000
MDWD,40909.000000
MDXG,379170.000000
MEDP,111265.000000
MEIP,194282.000000
MELI,390303.000000
MEOH,60818.000000
MERC,114467.000000
MESO,147311.000000
MFIN,27718.000000
MFINL,750.000000
MFNC,1775.000000
MGEE,34627.000000
MGI,1192935.000000
MGIC,12774.000000
MGLN,207850.000000
MGNX,176261.000000
MGPI,41527.000000
MGRC,25872.000000
MGYR,4661.000000
MHLD,116434.000000
MICT,24993886.000000
MIDD,445588.000000
MIK,38512386.000000
MILN,32702.000000
MIME,153017.000000
MIND,100842.000000
MINDP,845.000000
MITK,224299.000000
MKSI,169514.000000
MKTX,185821.000000
MLAB,7753.000000
MLHR,173411.000000
MLVF,103.000000
MMAC,24034.000000
MMLP,81197.000000
MMSI,114597.000000
MMYT,431603.000000
MNDO,38922.000000
MNKD,4676842.000000
MNOV,33504.000000
MNRO,134370.000000
MNST,640823.000000
MNTX,9698.000000
MOFG,16394.000000
MOMO,1195066.000000
MORN,46445.000000
MOSY,159521.000000
MPAA,21087.000000
MPB,20938.000000
MPWR,164868.000000
MRCC,64917.000000
MRCY,79964.000000
MRLN,12036.000000
MRNS,122164.000000
MRTN,184266.000000
MRTX,96307.000000
MRUS,62964.000000
MRVL,7527933.000000
MSBI,41160.000000
MSEX,33074.000000
MSFT,15530921.000000
MSON,25661.000000
MSTR,440932.000000
MTBC,61907.000000
MTBCP,5851.000000
MTCH,678413.000000
MTEX,2355.000000
MTLS,410912.000000
MTP,238538.000000
MTRX,36128.000000
MTSC,25665.000000
MTSI,102299.000000
MTSL,35368.000000
MU,15734318.000000
MVIS,4064682.000000
MXIM,496210.000000
MYGN,193386.000000
MYRG,40751.000000
MYSZ,152499.000000
NAII,23105.000000
NAKD,43182293.000000
NATH,2253.000000
NATI,105240.000000
NATR,25565.000000
NAUH,0.000000
NAVI,639737.000000
NBIX,814172.000000
NBN,10833.000000
NBRV,3260226.000000
NBTB,32949.000000
NCBS,11804.000000
NCLH,20261460.000000
NCMI,321097.000000
NCTY,2422739.000000
NDAQ,148074.000000
NDLS,236852.000000
NDSN,64921.000000
NEO,301421.000000
NEOG,30203.000000
NEON,17672.000000
NEOS,522808.000000
NEPT,2427976.000000
NERV,170925.000000
NETE,295285.000000
NEWT,77138.000000
NEWTL,0.000000
NEWTZ,1500.000000
NFBK,34136.000000
NFLX,2906165.000000
NH,81661.000000
NHTC,20283.000000
NICE,174251.000000
NICK,920.000000
NK,728658.000000
NKSH,6059.000000
NKTR,288372.000000
NLST,6078584.000000
NMIH,408523.000000
NNBR,84748.000000
NNDM,16174901.000000
NOVT,44935.000000
NRIM,17779.000000
NSEC,1.000000
NSIT,107621.000000
NSSC,46087.000000
NSTG,290182.000000
NSYS,31463.000000
NTAP,492941.000000
NTCT,73878.000000
NTEC,119119.000000
NTES,1275853.000000
NTGR,153574.000000
NTIC,4517.000000
NTLA,730488.000000
NTRA,480021.000000
NTRS,412791.000000
NTWK,16591.000000
NUAN,832559.000000
NURO,483561.000000
NUVA,308521.000000
NVAX,2264572.000000
NVCN,3418833.000000
NVCR,520792.000000
NVDA,4831418.000000
NVEC,8224.000000
NVEE,30188.000000
NVFY,12802.000000
NVIV,941878.000000
NVMI,59439.000000
NWBI,191878.000000
NWBO,786624.000000
NWFL,18969.000000
NWLI,1481.000000
NWPX,17086.000000
NWS,203128.000000
NWSA,1324870.000000
NXEOW,0.000000
NXPI,786951.000000
NXST,392673.000000
NXTD,4214388.000000
NYMT,1618972.000000
NYMTO,12341.000000
NYMTP,3980.000000
NYMX,116989.000000
OBAS,1160.000000
OBCI,19248.000000
OCC,6604.000000
OCFC,163217.000000
OCUL,289976.000000
ODFL,275446.000000
ODP,129748.000000
OESX,181614.000000
OFED,121.000000
OFIX,22877.000000
OFLX,4083.000000
OFS,42991.000000
OIIM,178997.000000
OLD,3428.000000
OLED,193778.000000
OLLI,384644.000000
OMAB,31835.000000
OMCL,51375.000000
OMER,281291.000000
OMEX,13372.000000
ON,2637030.000000
ONB,504069.000000
ONCS,122859.000000
ONEQ,20303.000000
ONTX,22289294.000000
ONTXW,33830.000000
ONVO,222290.000000
OPGN,1915123.000000
OPHC,984169.000000
OPK,3373325.000000
OPOF,54.000000
OPTT,1433290.000000
ORBC,332618.000000
ORLY,292252.000000
ORMP,275282.000000
ORRF,17675.000000
OSBC,44609.000000
OSIS,27231.000000
OSN,8926.000000
OSTK,1258421.000000
OSUR,1067491.000000
OTEL,1101.000000
OTEX,278437.000000
OTIC,1693094.000000
OTTR,34509.000000
OVBC,2846.000000
OVLY,4633.000000
OXBR,370172.000000
OXBRW,31473.000000
OXFD,790473.000000
OXLC,342475.000000
OXLCO,167.000000
PAAS,1508838.000000
PACB,2434030.000000
PACE,205280.000000
PACW,340133.000000
PAHC,79102.000000
PANL,15755.000000
PATI,3822.000000
PATK,40014.000000
PAVM,1960507.000000
PAVMW,21419.000000
PAYX,497519.000000
PBCT,3048306.000000
PBHC,0.000000
PBIP,6408.000000
PBPB,90927.000000
PCAR,665910.000000
PCH,131566.000000
PCOM,14515.000000
PCRX,163575.000000
PCTI,115604.000000
PCTY,131516.000000
PCYG,11332.000000
PCYO,34388.000000
PDBC,1595199.000000
PDCE,719122.000000
PDCO,1153833.000000
PDEX,15233.000000
PDFS,57207.000000
PEBK,4975.000000
PEBO,23340.000000
PEGA,281046.000000
PENN,1968430.000000
PERI,1641261.000000
PESI,5781.000000
PETS,247207.000000
PFBC,24554.000000
PFBI,20395.000000
PFBX,1214.000000
PFIE,134170.000000
PFIN,929.000000
PFIS,19303.000000
PFLT,126092.000000
PFMT,161676.000000
PFPT,253300.000000
PFSW,22545.000000
PGC,22164.000000
PGTI,62564.000000
PI,130481.000000
PICO,13411.000000
PINC,123082.000000
PIRS,174986.000000
PKBK,6623.000000
PKOH,16605.000000
PLAB,136964.000000
PLAY,562743.000000
PLBC,914.000000
PLCE,98420.000000
PLPC,2539.000000
PLSE,69669.000000
PLUG,14276534.000000
PLUS,10142.000000
PLXS,32242.000000
PMBC,28763.000000
PMD,4131.000000
PME,63492.000000
PMTS,29878.000000
PNBK,1.000000
PNFP,156277.000000
PNNT,148906.000000
PNQI,13159.000000
PNRG,71.000000
PODD,235813.000000
POOL,110642.000000
POWI,103731.000000
POWL,15708.000000
PPBI,139759.000000
PPC,179954.000000
PPH,7511.000000
PPSI,285926.000000
PRAA,265752.000000
PRAH,233786.000000
PRFT,93585.000000
PRFZ,10204.000000
PRGS,110205.000000
PRGX,44217.000000
PRIM,612022.000000
PRKR,149997.000000
PRMW,703641.000000
PROV,4467.000000
PRPH,97676.000000
PRQR,178627.000000
PRTA,147077.000000
PRTK,159002.000000
PRTS,468049.000000
PRZM,16900.000000
PSCC,2320.000000
PSCD,9527.000000
PSCE,317620.000000
PSCF,3999.000000
PSCH,9325.000000
PSCI,802.000000
PSCM,954.000000
PSCT,10980.000000
PSCU,1736.000000
PSEC,1015506.000000
PSET,0.000000
PSIX,0.000000
PSMT,24174.000000
PSTI,269636.000000
PTC,262805.000000
PTCT,139373.000000
PTEN,1017689.000000
PTGX,337591.000000
PTNR,2044.000000
PTSI,4312.000000
PULM,2025348.000000
PVBC,16707.000000
PWOD,14658.000000
PXLW,285253.000000
PXS,256978.000000
PY,6256.000000
PYPL,6045067.000000
PZZA,385038.000000
QABA,14230.000000
QADA,10599.000000
QADB,0.000000
QAT,1457.000000
QBAK,0.000000
QCLN,357276.000000
QCOM,7311599.000000
QCRH,37506.000000
QDEL,692158.000000
QGEN,377146.000000
QIWI,258930.000000
QLC,290.000000
QLYS,323553.000000
QNST,70412.000000
QQEW,79852.000000
QQQ,41030131.000000
QQQX,73421.000000
QQXT,25248.000000
QRHC,20257.000000
QRVO,495704.000000
QTEC,651788.000000
QTNT,454642.000000
QUIK,252952.000000
QUMU,30008.000000
QURE,256785.000000
QYLD,1287467.000000
RADA,323530.000000
RAIL,249476.000000
RAND,0.000000
RARE,455815.000000
RAVE,191789.000000
RAVN,90845.000000
RBCAA,15762.000000
RBCN,1071.000000
RCII,297815.000000
RCKY,21434.000000
RCMT,354250.000000
RCON,190317.000000
RDCM,23434.000000
RDHL,538894.000000
RDI,9866.000000
RDIB,0.000000
RDNT,49487.000000
RDUS,686282.000000
RDVY,304449.000000
RDWR,95832.000000
REFR,138580.000000
REGI,658940.000000
REGN,391141.000000
RELL,11315.000000
RELV,100.000000
REPH,178751.000000
RESN,614021.000000
RETA,161986.000000
RFAP,1.000000
RFDI,3415.000000
RFEM,3920.000000
RFEU,42.000000
RFIL,14223.000000
RGCO,19587.000000
RGEN,137773.000000
RGLD,192672.000000
RGLS,1593238.000000
RGNX,100564.000000
RIBT,136453.000000
RICK,46091.000000
RIGL,3010752.000000
RILY,129955.000000
RKDA,495953.000000
RMBS,296229.000000
RMCF,73533.000000
RMR,13373.000000
RMTI,501032.000000
RNDB,7751.000000
RNET,238613.000000
RNST,108210.000000
RNVA,4075801.000000
RNWK,888321.000000
ROBO,56965.000000
ROCK,107662.000000
ROIC,391119.000000
ROLL,12624.000000
ROST,2615722.000000
RP,417626.000000
RPD,303070.000000
RPRX,1563893.000000
RRGB,193724.000000
RRR,345968.000000
RUN,2814171.000000
RUSHA,106542.000000
RUSHB,15864.000000
RUTH,226575.000000
RVNC,425627.000000
RVSB,86116.000000
RWLK,2673548.000000
RYAAY,118486.000000
SABR,4463467.000000
SAFM,74004.000000
SAFT,23631.000000
SAGE,124394.000000
SAIA,60099.000000
SAL,57188.000000
SALM,489613.000000
SAMG,12981.000000
SANM,100644.000000
SANW,12912.000000
SASR,68564.000000
SATS,669286.000000
SAVE,1972412.000000
SBAC,430233.000000
SBBP,901342.000000
SBCF,66446.000000
SBFG,1420.000000
SBGI,267689.000000
SBLK,918362.000000
SBNY,462075.000000
SBRA,899481.000000
SBSI,58586.000000
SBUX,2274929.000000
SCHL,36670.000000
SCHN,112544.000000
SCKT,416034.000000
SCON,7607.000000
SCOR,1022002.000000
SCSC,17948.000000
SCTY,0.000000
SCVL,29772.000000
SCWX,24070.000000
SCYX,286916.000000
SCZ,1011590.000000
SEAC,474105.000000
SEDG,355506.000000
SEED,73207.000000
SEIC,198133.000000
SELB,618357.000000
SELF,5995.000000
SENEA,14541.000000
SENEB,1.000000
SFBC,14668.000000
SFBS,80259.000000
SFM,1918397.000000
SFNC,179398.000000
SFST,10448.000000
SGC,35094.000000
SGEN,672164.000000
SGMA,10006.000000
SGMO,454109.000000
SGMS,269246.000000
SGOC,102933.000000
SGRP,131356.000000
SGRY,171750.000000
SHBI,17045.000000
SHEN,32642.000000
SHIP,6461238.000000
SHLD,1.000000
SHOO,262234.000000
SHSP,64539.000000
SIEB,174482.000000
SIEN,484160.000000
SIFY,804746.000000
SIGI,43279.000000
SILC,33147.000000
SIMO,201784.000000
SINA,102210.000000
SINO,2488898.000000
SIRI,9701190.000000
SIVB,89671.000000
SKOR,9759.000000
SKYW,93488.000000
SKYY,337684.000000
SLAB,124144.000000
SLCT,34129.000000
SLGN,73336.000000
SLM,1606013.000000
SLMBP,0.000000
SLP,54216.000000
SLQD,454257.000000
SLRC,44826.000000
SLVO,878815.000000
SMBC,20607.000000
SMBK,17662.000000
SMCI,74699.000000
SMCP,419.000000
SMED,50680.000000
SMIT,1706.000000
SMMF,14287.000000
SMMT,119109.000000
SMSI,69794.000000
SMTC,87897.000000
SMTX,14716.000000
SNCR,111623.000000
SNDE,77382.000000
SNDX,284906.000000
SNFCA,11458.000000
SNPS,561480.000000
SNSR,53089.000000
SOCL,33156.000000
SOFO,1310.000000
SOHO,37116.000000
SOHOB,3161.000000
SOHU,158176.000000
SONA,51701.000000
SOXX,773131.000000
SP,42458.000000
SPCB,745271.000000
SPHS,60816.000000
SPI,341288.000000
SPKE,168237.000000
SPLK,1227654.000000
SPNE,12313.000000
SPNS,45972.000000
SPOK,18398.000000
SPPI,1154168.000000
SPRT,15389.000000
SPSC,78985.000000
SPTN,188744.000000
SPWH,375669.000000
SPWR,2566528.000000
SQBG,15542.000000
SQQQ,84834825.000000
SRCE,29799.000000
SRCL,84805.000000
SRDX,10646.000000
SRET,220598.000000
SREV,96836.000000
SRNE,6902701.000000
SRPT,610009.000000
SRTS,257764.000000
SSB,99403.000000
SSBI,1470.000000
SSKN,464840.000000
SSNC,627806.000000
SSYS,6375098.000000
STAA,266506.000000
STAF,1595734.000000
STBA,55773.000000
STFC,42234.000000
STKL,1516109.000000
STKS,30941.000000
STLD,850000.000000
STLY,9310.000000
STMP,143933.000000
STRA,147364.000000
STRL,920354.000000
STRM,89390.000000
STRS,3906.000000
STRT,5917.000000
STX,2652954.000000
SUMR,147.000000
SUNS,52584.000000
SUNW,1634475.000000
SUPN,386667.000000
SVA,0.000000
SVBI,1836.000000
SVVC,4696.000000
SWIR,108303.000000
SWKS,751152.000000
SYBT,20848.000000
SYKE,50576.000000
SYNA,346225.000000
SYNC,197485.000000
SYNL,18456.000000
SYPR,468210.000000
SYRS,409809.000000
TA,72859.000000
TACO,200950.000000
TACT,14763.000000
TAIT,39194.000000
TANH,572447.000000
TANNI,3158.000000
TANNL,3081.000000
TANNZ,540.000000
TAST,219751.000000
TATT,7594.000000
TAYD,2591.000000
TBBK,134453.000000
TBIO,394031.000000
TBK,74577.000000
TBNK,8774.000000
TBPH,141564.000000
TCBI,168242.000000
TCBIL,3870.000000
TCBIP,447.000000
TCBK,35864.000000
TCCO,2310.000000
TCFC,9686.000000
TCMD,76078.000000
TCON,418110.000000
TCPC,359080.000000
TCX,13478.000000
TDIV,17387.000000
TEAM,1100093.000000
TECH,71752.000000
TEDU,69531.000000
TENX,54281.000000
TESS,23645.000000
TFSL,182947.000000
TGA,224032.000000
TGEN,56558.000000
TGLS,166922.000000
TGTX,739854.000000
THFF,23309.000000
THRM,63700.000000
THST,150.000000
TILE,233174.000000
TIPT,10679.000000
TITN,70884.000000
TLGT,2015504.000000
TLND,26930.000000
TLOG,5500.000000
TLT,9084734.000000
TMUS,1574633.000000
TNDM,403304.000000
TNXP,8772432.000000
TOPS,1030472.000000
TORM,103.000000
TOUR,580160.000000
TOWN,87600.000000
TPIC,577598.000000
TQQQ,31134881.000000
TRCH,9773951.000000
TREE,158859.000000
TRIB,146955.000000
TRIL,1043124.000000
TRIP,4091917.000000
TRMB,426936.000000
TRMK,86039.000000
TRNS,12753.000000
TROW,676178.000000
TRS,85217.000000
TRST,220022.000000
TRUE,791456.000000
TRUP,122817.000000
TRVN,1813183.000000
TSBK,12632.000000
TSC,48144.000000
TSCO,543024.000000
TSEM,210015.000000
TSLA,16157577.000000
TSRI,45.000000
TTEC,56357.000000
TTEK,212716.000000
TTGT,145984.000000
TTMI,194305.000000
TTNP,596204.000000
TTOO,3087317.000000
TTWO,415082.000000
TUSA,1955.000000
TWER,100.000000
TWIN,5860.000000
TWOU,930406.000000
TXN,1401212.000000
TXRH,369995.000000
TZOO,22546.000000
UAE,3208.000000
UBCP,10806.000000
UBFO,93978.000000
UBOH,2192.000000
UBSI,204563.000000
UCBI,109322.000000
UCTT,177483.000000
UEIC,16631.000000
UEPS,74815.000000
UFCS,49877.000000
UFPI,109734.000000
UFPT,9914.000000
UG,1764.000000
UHAL,35887.000000
UIHC,67039.000000
ULBI,17026.000000
ULH,48128.000000
ULTA,287076.000000
ULTR,271.000000
UMBF,66428.000000
UMPQ,471397.000000
UNAM,2.000000
UNB,3053.000000
UNFI,285053.000000
UNTY,7812.000000
UPLD,98788.000000
URBN,1202422.000000
USAK,148131.000000
USAP,6027.000000
USAT,49750.000000
USATP,500.000000
USCR,85661.000000
USEG,312082.000000
USLB,0.000000
USLM,3421.000000
UTES,1351.000000
UTHR,130510.000000
UTMD,1461.000000
UTSI,34633.000000
UVSP,22584.000000
VALU,1342.000000
VBFC,117.000000
VBIV,4281958.000000
VBLT,250960.000000
VBND,942.000000
VBTX,79828.000000
VCEL,313963.000000
VCIT,2653997.000000
VCLT,347361.000000
VCSH,1492636.000000
VCYT,323588.000000
VECO,82100.000000
VGIT,220549.000000
VGLT,455900.000000
VGSH,354338.000000
VIAV,910964.000000
VICR,41585.000000
VIDI,5426.000000
VIGI,62899.000000
VIRC,4613.000000
VIRT,637621.000000
VIVE,393728.000000
VIVO,399495.000000
VKTX,596506.000000
VKTXW,1300.000000
VLGEA,13264.000000
VMBS,546349.000000
VNDA,103904.000000
VNET,1162682.000000
VNOM,213947.000000
VNQI,74023.000000
VOD,1527999.000000
VONE,15400.000000
VONG,36381.000000
VONV,58427.000000
VOXX,174130.000000
VRA,155466.000000
VRAY,376393.000000
VRNS,206937.000000
VRNT,145801.000000
VRSK,917494.000000
VRSN,163193.000000
VRTB,0.000000
VRTS,73439.000000
VRTX,1259902.000000
VSAT,209972.000000
VSEC,25865.000000
VSTM,1044511.000000
VTGN,1050144.000000
VTHR,12649.000000
VTIP,722791.000000
VTNR,733781.000000
VTVT,1203448.000000
VTWG,36966.000000
VTWO,105393.000000
VTWV,56194.000000
VUSE,2974.000000
VUZI,3304662.000000
VWOB,305252.000000
VXUS,2368005.000000
VYGR,373918.000000
VYMI,97113.000000
WABC,87492.000000
WAFD,273977.000000
WASH,29470.000000
WATT,3287261.000000
WAYN,1700.000000
WB,614587.000000
WBA,1697889.000000
WCFB,0.000000
WDC,3457358.000000
WDFC,23912.000000
WEN,4778853.000000
WERN,242151.000000
WETF,353556.000000
WEYS,3237.000000
WHF,48178.000000
WHLM,1392.000000
WHLR,7313.000000
WHLRP,1232.000000
WIFI,1127577.000000
WILC,404.000000
WINA,3515.000000
WING,252106.000000
WINT,120611.000000
WIRE,31045.000000
WIX,294589.000000
WKHS,10709773.000000
WLDN,16350.000000
WLFC,5475.000000
WLTW,406660.000000
WOOD,22122.000000
WOOF,718823.000000
WPRT,1979053.000000
WRLD,15892.000000
WSBC,90476.000000
WSBF,37532.000000
WSFS,186200.000000
WSTG,25434.000000
WSTL,3509.000000
WTBA,16720.000000
WTFC,110254.000000
WTFCM,1088.000000
WVE,191456.000000
WVFC,1.000000
WVVI,1522.000000
WVVIP,101.000000
WWD,108525.000000
WYNN,2222122.000000
XBIT,31830.000000
XELB,197180.000000
XENE,62486.000000
XENT,97452.000000
XLNX,789868.000000
XLRN,155953.000000
XNCR,70518.000000
XNET,924586.000000
XOMA,10971.000000
XONE,712380.000000
XRAY,651222.000000
XTLB,5270.000000
YECO,0.000000
YNDX,1146317.000000
YORW,20294.000000
YY,453418.000000
Z,1968347.000000
ZBRA,214527.000000
ZEUS,31995.000000
ZG,624144.000000
ZGNX,186364.000000
ZION,472709.000000
ZIOP,1744189.000000
ZIXI,531092.000000
ZNGA,9190185.000000
ZSAN,1841459.000000
ZUMZ,90199.000000
ZYNE,658126.000000
