Symbol,Volume,EMA12,EMA26,MACD,Stochastic,Volatility
AAL,30541902.0,21.320283609588714,21.323883741436383,0.8010402810557521,0.8703689267585205,3.5795544427142345
AAME,35275.0,,,,,0.4766326115194325
AAOI,456328.0,,,,,1.843575406388617
AAON,37186.0,63.14166666666667,65.33500000000001,,,13.62720320162066
AAPL,54350605.0,119.94652508567395,120.02882309959078,-1.2944010732440605,0.10104253611556978,26.676388231624518
AAWW,226471.0,55.56583333333333,54.64500000000001,,,12.301462725880132
AAXJ,616787.0,87.56666666666666,89.09653846153847,,,19.215715411633386
ABCB,365623.0,37.64291666666667,38.74442307692309,,,7.912180704055648
ABEO,2207399.0,,,,,0.32973064328096663
ABIO,549743.0,,,,,0.914626965013038
ABMD,115038.0,274.9141666666667,298.0207692307693,,,59.48654546653865
ABTX,19050.0,34.156666666666666,34.550000000000004,,,7.4673915665381925
ABUS,954615.0,,,,,0.8796630823817653
ACAD,424071.0,53.56416666666666,53.74230769230769,,,11.836606707141964
ACBI,36454.0,15.474166666666665,15.89730769230769,,,3.4220857299411365
ACET,131632.0,13.46,13.729615384615386,,,3.003037078694014
ACGL,3245900.0,34.20166666666666,34.96,,,7.45625167670005
ACHC,194709.0,46.71333333333333,48.72653846153846,,,9.364158043710656
ACIW,156704.0,38.85125,38.62153846153847,,,8.47582882079479
ACLS,137155.0,28.94916666666667,29.36,,,6.380652568972876
ACNB,3721.0,26.97,26.20653846153846,,,5.947545315130541
ACOR,117215.0,,,,,1.0468617939494376
ACRS,156449.0,,,,,0.8160819671232192
ACRX,1345449.0,,,,,0.3349237946955965
ACST,11814789.0,,,,,0.17285115692505562
ACTG,464941.0,,,,,0.7912719490708701
ACUR,541.0,,,,,0.060672534579091525
ACWI,1455369.0,89.40833333333335,90.29269230769228,,,19.569603868372948
ACWX,615255.0,52.38833333333333,53.01730769230768,,,11.460482434840916
ADAP,333555.0,,,,,0.9737865038518496
ADBE,1095351.0,488.8091666666666,488.89807692307687,,,106.05390246537321
ADES,116313.0,,,,,1.1935377636285038
ADI,968568.0,143.1783333333333,146.38653846153846,,,31.416484396830093
ADMA,1698185.0,,,,,0.4377683498345464
ADMP,4353606.0,,,,,0.11522401801157565
ADMS,212081.0,,,,,1.0679375363488313
ADP,462726.0,175.15166666666664,173.62384615384616,,,38.14270747011385
ADRE,26773.0,55.37066666666666,56.159534615384615,,,12.008517412468345
ADSK,542148.0,287.89166666666665,297.5784615384615,,,60.6636826643984
ADTN,101580.0,14.653333333333334,14.972307692307696,,,3.1988542534197983
ADUS,53461.0,107.57333333333332,113.09615384615385,,,22.77437939180869
ADVM,366943.0,,,,,2.993955611764092
ADXS,6667737.0,,,,,0.11884048271611068
AEGN,84626.0,18.928333333333327,19.33826923076923,,,3.9884551441487015
AEHR,149322.0,,,,,0.4609012643074928
AEIS,65727.0,99.57583333333334,101.32730769230773,,,22.02245707158729
AEMD,152023.0,,,,,0.3923597112471274
AERI,468138.0,,,,,2.7866424583136244
AEY,19169.0,,,,,0.7297905292158702
AEZS,3273292.0,,,,,0.11085388037035704
AFMD,717105.0,,,,,1.2271697461166102
AGEN,1910052.0,,,,,0.7268792378414417
AGFS,58600.0,,,,,0.5458449517369697
AGIO,331048.0,36.536666666666655,40.94269230769231,,,9.754711214190873
AGLE,105650.0,,,,,1.7900767381154865
AGNC,2493967.0,15.458333333333336,15.482115384615385,,,3.3911858371863466
AGNCP,13379.0,23.15583333333333,23.46,,,4.9971896864042264
AGRX,784904.0,,,,,0.6546536707079776
AGTC,1178731.0,,,,,1.0251254014281943
AGYS,100931.0,39.58916666666667,39.61423076923077,,,8.473476817064741
AGZD,8460.0,47.12096666666667,47.11948461538461,,,10.319579585764405
AHPI,29290.0,,,,,1.1805290820145862
AIA,86480.0,84.5025,86.47115384615387,,,18.62863432163812
AIMC,175710.0,54.18083333333333,56.561730769230756,,,12.099484611454134
AINV,189996.0,,,,,2.523489126536603
AIQ,18760.0,26.729825,27.01011153846155,,,5.813046099893046
AIRG,128678.0,,,,,2.9719649676295448
AIRR,28689.0,33.30105833333333,34.11741153846153,,,7.1482468414811695
AIRT,8044.0,,,,,2.4287850900199657
AKAM,736020.0,104.39749999999998,104.61807692307691,,,22.73599550526712
AKBA,2439846.0,,,,,0.6742226056093433
AKER,174421.0,,,,,0.4453799514163609
AKTX,37866.0,,,,,0.4020385063598508
ALCO,21185.0,31.36916666666667,31.209615384615393,,,6.799624007735277
ALDX,241460.0,,,,,1.5664104931167158
ALGN,345529.0,516.9975000000002,528.5734615384616,,,113.84818924975994
ALGT,69291.0,176.3975,180.0557692307692,,,39.4167564388502
ALIM,5675.0,,,,,0.9450280857946858
ALJJ,140750.0,,,,,0.249463435939941
ALKS,731338.0,20.653333333333336,20.68096153846154,,,4.16348019411107
ALLT,78608.0,,,,,2.2301237360939092
ALNY,224855.0,132.61166666666665,135.46923076923073,,,28.27249518448082
ALOT,34053.0,,,,,2.6201275543200144
ALRM,136278.0,83.37666666666667,93.67307692307692,,,17.411110697345528
ALSK,249529.0,,,,,0.8210091312715476
ALTY,9984.0,,,,,2.5750856866022795
ALXN,1303234.0,138.15916666666666,147.57269230769234,,,26.294587227329785
AMAT,3281687.0,88.105,88.84884615384615,,,19.386389319883087
AMBA,2381809.0,90.03833333333334,93.32884615384614,,,20.73287841667038
AMBC,187855.0,17.238333333333333,16.611153846153847,,,3.5511578771221863
AMCX,629564.0,32.232499999999995,34.382884615384604,,,7.206799434677584
AMD,23459818.0,77.70403865705055,77.72516153562991,-2.4385952441022294,-0.016828672082824053,20.52136508320665
AMED,99037.0,270.6125,283.37192307692305,,,55.347331448551756
AMGN,930284.0,228.79,229.01115384615383,,,50.017793018405115
AMKR,667269.0,15.230416666666665,15.48596153846154,,,3.3801951197555216
AMNB,7778.0,27.12416666666667,27.157307692307693,,,5.992569125705812
AMOT,4702.0,48.6625,49.72461538461539,,,10.5133140040214
AMOV,1413.0,14.171975000000002,14.298534615384614,,,3.2149576523900896
AMPH,81700.0,18.769166666666667,19.256153846153843,,,4.134669154041752
AMRB,2314.0,,,,,2.5090524700322927
AMRK,151513.0,30.37083333333333,28.668461538461532,,,6.226489653206067
AMRN,2926209.0,,,,,1.09370798046847
AMRS,4890834.0,,,,,0.646207429597712
AMSC,94295.0,20.669166666666666,23.447692307692307,,,4.115130696392049
AMSF,18286.0,57.85833333333334,58.18461538461539,,,12.289799191249235
AMSWA,50649.0,16.49,16.991153846153846,,,3.5563005693763365
AMTX,3897842.0,,,,,0.5897024704311886
AMWD,27984.0,92.80583333333334,94.31692307692309,,,19.108646084251845
AMZN,1792158.0,3168.911666666667,3187.060769230769,,,690.1313441608072
ANAT,11048.0,89.455,92.67384615384616,,,18.812564317244888
ANDA,22157.0,,,,,2.2362151498032627
ANDAR,86560.0,,,,,0.06546536707079773
ANDAU,0.0,,,,,2.249342599118404
ANDAW,88190.0,,,,,0.08085686784990531
ANDE,102340.0,23.366666666666664,23.914999999999992,,,5.241332032044374
ANGI,726474.0,,,,,2.6273372274608686
ANGO,60789.0,14.734166666666665,15.34423076923077,,,3.3364516356478893
ANIK,16082.0,39.6125,41.7623076923077,,,8.229838099596405
ANIP,9958.0,30.367500000000003,30.133846153846157,,,6.399659488621963
ANSS,329436.0,343.40375,354.3813461538462,,,74.95079198561372
ANTH,254472.0,,,,,0.05185560885666487
ANY,222260.0,,,,,0.3603669788924825
AOSL,103040.0,25.11958333333333,25.34211538461538,,,5.404776274304648
APDN,309761.0,,,,,1.5663142580139873
APEI,85805.0,32.82416666666667,32.00115384615385,,,7.0923206576617766
APOG,60630.0,30.14166666666667,31.740769230769228,,,6.1874506524244985
APOP,107506.0,,,,,0.4684574967690268
APOPW,12621.0,,,,,0.12814568664841516
APPF,190020.0,169.8525,173.23999999999995,,,35.738799908642484
APPS,2581743.0,47.58375000000001,51.16442307692307,,,9.370572951243064
APTO,554479.0,,,,,1.3398477708032548
APVO,46060.0,42.08416666666667,38.92230769230769,,,9.977271534986096
APWC,63958.0,,,,,0.4879955263308369
AQMS,1093177.0,,,,,0.2869081476561192
ARAY,393197.0,,,,,0.9404649184542648
ARCB,190566.0,43.5825,44.140769230769216,,,9.817794857950236
ARCC,1200803.0,16.824166666666667,16.744615384615386,,,3.771245238599101
ARCW,19056.0,,,,,0.17181672575769147
ARDX,409748.0,,,,,1.3793395617152435
ARKR,17428.0,14.573333333333334,16.870769230769234,,,3.3285790136709634
ARLP,317162.0,,,,,1.0435141595510684
ARNA,768528.0,70.22166666666666,73.68153846153845,,,14.630300701343064
AROW,23369.0,30.875,30.64384615384616,,,6.703924686805191
ARRY,909703.0,38.13333333333333,42.20961538461537,,,7.4368288705618575
ARTNA,8102.0,38.57333333333335,37.979615384615386,,,8.310096278112193
ARTW,28004.0,,,,,0.5283448746193943
ARWR,331054.0,73.90291666666667,76.74442307692307,,,14.24630811300112
ASET,1514.0,29.615991666666666,29.70640000000001,,,6.467979692857747
ASMB,1314799.0,,,,,1.3556160234038188
ASML,445365.0,465.5525,480.38576923076926,,,101.33728458269205
ASND,135202.0,175.33,172.1773076923077,,,36.41195820289955
ASPS,14422.0,,,,,2.8662206160656916
ASRV,49948.0,,,,,0.7070259643646152
ASRVP,0.0,28.71315,28.56228461538461,,,6.134126716322768
ASTC,552044.0,,,,,0.3940954987276181
ASTE,29185.0,60.64416666666668,60.733076923076936,,,13.634895230198966
ASUR,17274.0,,,,,1.6942058728954863
ASYS,65801.0,,,,,1.5576455034472485
ATAX,36613.0,,,,,0.8862607329481833
ATEC,265550.0,,,,,2.4724198225778053
ATHX,1861184.0,,,,,0.4010582870483314
ATLC,88151.0,21.139166666666664,22.885384615384606,,,3.7939015599059385
ATLO,43583.0,24.626666666666665,24.407307692307693,,,4.805404078791897
ATNI,7011.0,46.2775,45.69538461538462,,,10.40525151323033
ATOS,4883280.0,,,,,0.3484237603324146
ATRA,510895.0,23.584166666666665,21.918653846153845,,,5.3687627446479285
ATRC,166250.0,49.00416666666666,52.97461538461539,,,10.055773506226313
ATRI,4696.0,624.7583333333333,638.8761538461537,,,139.35810057517048
ATRO,200600.0,,,,,2.8704281388878865
ATRS,1576498.0,,,,,0.7279421162291042
ATSG,97758.0,30.66791666666667,30.34442307692308,,,6.725643951388714
ATVI,2387272.0,85.4058333333333,88.1696153846154,,,17.648218850949835
AUBN,5383.0,42.70666666666667,42.464230769230774,,,9.315914802351962
AUDC,62989.0,27.450833333333332,28.02807692307693,,,6.184295009288025
AUPH,1446094.0,14.47,14.041538461538465,,,3.257292540435297
AVAV,471687.0,86.47666666666667,88.26,,,19.742428897212122
AVEO,255234.0,,,,,1.1707959940893355
AVGO,830494.0,419.3633333333335,427.65153846153845,,,89.83551547109171
AVGR,2698187.0,,,,,0.13532567555240152
AVID,183752.0,13.832916666666668,14.528269230769231,,,3.037132724077705
AVIR,191515.0,30.3725,36.263461538461534,,,6.379099925172754
AVNW,120218.0,37.27583333333335,35.77730769230769,,,7.882503502730813
AVXL,961753.0,,,,,1.0633728711095554
AWRE,15825.0,,,,,0.7463051846070935
AXAS,444190.0,,,,,0.5818699288718264
AXDX,66783.0,,,,,1.64188009769635
AXGN,93457.0,16.6775,17.592115384615386,,,3.6172244705484777
AXSM,103909.0,80.0825,80.66692307692307,,,17.470750862252732
AXTI,273382.0,,,,,2.1804102272072767
AZPN,125762.0,133.54166666666669,134.11076923076922,,,29.61253476271014
BANF,71444.0,57.62166666666666,58.925,,,12.58217640223162
BANFP,0.0,28.71859166666667,28.704542307692307,,,6.256306913065907
BANR,73919.0,45.37333333333333,46.65076923076924,,,9.987671445794128
BANX,8480.0,20.811966666666667,20.22129230769231,,,4.491428439758977
BASI,52872.0,,,,,1.5439191618409267
BATRA,48681.0,26.1875,25.891538461538463,,,6.060613801134179
BATRK,108796.0,25.88333333333333,25.65115384615385,,,5.960110540575175
BBBY,7485652.0,28.847531482211657,28.824316129523453,2.485812783822889,0.30445223005156874,4.2989735140961765
BBC,6824.0,50.22210833333333,50.97083461538462,,,10.228801998466485
BBGI,36743.0,,,,,0.3295090142563484
BBH,5510.0,173.38500000000005,173.0976923076923,,,37.345899011230976
BBP,372.0,53.31847500000001,54.16802307692309,,,11.403306649984641
BBSI,12581.0,71.10499999999998,69.96884615384614,,,15.371852120156724
BCBP,64717.0,,,,,2.36112877813962
BCLI,532894.0,,,,,1.2620625892092787
BCOR,151186.0,,,,,2.850799730975904
BCOV,145946.0,17.388333333333332,17.745769230769227,,,3.8340883314463854
BCPC,22862.0,110.73666666666668,115.61846153846159,,,22.93785160640025
BCRX,2515910.0,,,,,1.3301913243997692
BDSI,407312.0,,,,,0.8787247615028
BEBE,0.0,,,,,1.1129112402035612
BECN,237971.0,38.86499999999999,40.13192307692307,,,8.294203297781529
BELFA,564.0,14.695833333333333,14.460384615384614,,,3.2623574590280877
BELFB,8065.0,16.155,16.191923076923075,,,3.345019318132739
BFIN,25019.0,,,,,1.8459228288372789
BFIT,3328.0,25.06025833333333,25.414965384615392,,,5.446364079818869
BGCP,1043100.0,,,,,0.9736692530698466
BGFV,1540884.0,,,,,2.039331699750435
BGNE,99301.0,237.2775,251.81807692307697,,,48.634362284038104
BIB,87926.0,86.70249999999999,88.44288846153843,,,17.930539834979054
BICK,1355.0,36.343975,37.13649615384615,,,7.923901774770153
BIDU,4913870.0,168.27083333333334,190.8007692307692,,,31.434357499119834
BIIB,495730.0,246.29083333333332,248.24923076923068,,,53.65321047265309
BIOC,236850.0,,,,,1.0997131596112302
BIOL,6095043.0,,,,,0.11386467432524965
BIS,51875.0,23.632500000000004,23.080192307692318,,,5.458226297061142
BJRI,146923.0,34.865,37.88807692307692,,,8.062458073281611
BKCC,142789.0,,,,,0.6467758510359858
BKEP,163961.0,,,,,0.3905002729539647
BKEPP,15064.0,,,,,1.3607747240547845
BKSC,9296.0,16.33791666666666,16.269807692307687,,,3.5623933107922965
BLBD,59174.0,16.781666666666666,17.847307692307698,,,3.687183537343755
BLCM,383487.0,,,,,0.6743893121074683
BLDP,4017788.0,19.84083333333333,22.685384615384606,,,4.194551976302576
BLDR,690900.0,36.73666666666667,39.03076923076922,,,7.701855071387031
BLFS,78819.0,40.95249999999999,41.43153846153845,,,8.485618860810058
BLIN,146977.0,,,,,0.628497401001679
BLKB,118884.0,56.79666666666667,58.115384615384606,,,12.436040614483144
BLMN,1003113.0,18.255,18.920576923076922,,,3.990828892237983
BLPH,15994.0,,,,,1.53257769599927
BLRX,668705.0,,,,,0.5113847566878377
BLUE,731130.0,44.45250000000001,45.460384615384605,,,10.239841589529547
BMRA,51324.0,,,,,1.4853703244431802
BMRC,9211.0,37.825833333333335,36.90692307692309,,,8.068096061420086
BMRN,455161.0,82.82666666666667,85.01884615384614,,,17.371508507595166
BMTC,49173.0,31.41,31.322884615384606,,,6.910960583773881
BNDX,1702107.0,58.58249999999999,58.51346153846154,,,12.741722167693641
BNFT,63977.0,14.037916666666668,14.086346153846154,,,3.2106063467232238
BNSO,1664.0,,,,,0.9702392793179516
BNTC,119164.0,,,,,0.6018652678541304
BOCH,30579.0,,,,,2.1736722980519927
BOKF,61320.0,69.97333333333333,70.97307692307693,,,15.462963198364479
BOKFL,3357.0,26.0467,25.851553846153845,,,5.662909777506153
BOOM,34411.0,46.25,46.39846153846154,,,9.952394921177355
BOSC,221822.0,,,,,0.5806826501200759
BOTJ,0.0,,,,,2.695128314279924
BOTZ,865949.0,32.440000000000005,33.01403846153845,,,7.135911079962715
BPFH,231015.0,,,,,1.730359542782186
BPMC,160023.0,114.18000000000002,113.40576923076927,,,22.576970361846882
BPOP,235435.0,53.63666666666668,55.544230769230786,,,11.372883275324204
BPOPM,0.0,25.7075,25.547442307692318,,,5.619241096875332
BPOPN,1.0,26.36025833333333,26.02804615384616,,,5.721554923002075
BPTH,169397.0,,,,,0.7268140817765905
BRID,1267.0,19.035,18.685769230769235,,,4.0877147347263065
BRKL,90050.0,,,,,2.629527176472437
BRKR,202661.0,54.37666666666667,54.9573076923077,,,11.709443889561715
BRKS,379685.0,,,,,16.40901599298044
BSET,15209.0,,,,,3.9229894130494762
BSPM,0.0,,,,,0.17306839608115104
BSQR,294915.0,,,,,0.30663987064022163
BSRR,17673.0,,,,,5.25275026545431
BSTG,0.0,,,,,0.31061643446614484
BTEC,16902.0,,,,,12.508051357933626
BUFF,3273.0,,,,,7.2120818957018304
BUR,210705.0,,,,,2.1625322923279757
BUSE,80879.0,,,,,4.693891263406052
BV,38406.0,,,,,3.0106920412504468
BVXV,291562.0,,,,,0.7966637776123263
BWEN,224888.0,,,,,0.9494067513127756
BWFG,22880.0,,,,,4.273232030723928
BYFC,1270178.0,,,,,0.39348923213896864
BZUN,334339.0,,,,,8.367328698885231
CAAS,35867.0,,,,,1.7089232407798174
CAC,7973.0,,,,,8.000010540599675
CACC,36826.0,,,,,72.47411156902004
CAKE,640536.0,,,,,8.428536906015562
CALA,395307.0,,,,,1.060400230182373
CALI,15308.0,,,,,0.03923735486438867
CALM,69616.0,,,,,8.543773839850521
CAMP,73320.0,,,,,2.1827988012765465
CAMT,150357.0,,,,,4.32630729686729
CAPR,164982.0,,,,,1.0024622047023115
CAR,859028.0,,,,,8.668714301872997
CARA,337715.0,,,,,3.2903240824775337
CARV,761346.0,,,,,1.546047314519417
CARZ,4314.0,,,,,10.91036927786674
CASH,56451.0,,,,,7.600529116919622
CASI,111306.0,,,,,0.5313300178444509
CASS,45229.0,,,,,9.445560371369416
CASY,72853.0,,,,,41.802633303935686
CATB,510311.0,,,,,0.4203747159306944
CATH,8202.0,,,,,9.96162281726958
CATM,279744.0,,,,,5.738356744153869
CATY,187543.0,,,,,6.651418739655608
CBAN,15950.0,,,,,3.1231462919780566
CBAY,1072729.0,,,,,1.5722252512396415
CBFV,2899.0,,,,,4.714806993977389
CBIO,154808.0,,,,,1.350271004450044
CBLI,73745.0,,,,,0.6514883613776289
CBNK,7946.0,,,,,2.676490244509764
CBOE,265835.0,,,,,20.329255944292203
CBPO,69331.0,,,,,25.865396956114033
CBRL,103436.0,,,,,30.8001960694517
CBSH,147492.0,,,,,13.851965137931035
CCBG,10374.0,,,,,5.536671134518636
CCD,78999.0,,,,,6.066445880025323
CCLP,36075.0,,,,,0.2540789409980462
CCMP,59416.0,,,,,33.232846895887
CCNE,33032.0,,,,,4.5956297934571415
CCOI,146326.0,,,,,12.715764602941006
CCRC,147277.0,,,,,1.0850258731363165
CCRN,97262.0,,,,,1.9705944133832336
CCUR,4001.0,,,,,0.7088139657958241
CCXI,295213.0,,,,,12.541037316814124
CDC,12010.0,,,,,11.827675148809217
CDK,312251.0,,,,,10.94777668825133
CDL,3238.0,,,,,10.382365767302504
CDNA,366682.0,,,,,14.163449133803963
CDNS,1103874.0,,,,,25.822379712769862
CDOR,49424.0,,,,,0.7790378681424929
CDTI,6076.0,,,,,0.102741719650822
CDTX,578317.0,,,,,0.5264793750061285
CDW,253964.0,,,,,29.132134225720066
CDXC,2712802.0,,,,,1.067765452738372
CDXS,295005.0,,,,,3.8301596299696015
CDZI,24563.0,,,,,2.212592754068264
CECE,121552.0,,,,,1.6417351198997363
CEMI,360532.0,,,,,1.4125818247712023
CENT,32722.0,,,,,8.44253327509529
CENTA,92619.0,,,,,7.8227236480277025
CENX,745267.0,,,,,2.627594580701072
CERC,292810.0,,,,,0.5760010289375657
CERN,900691.0,,,,,16.210849732563936
CERS,1470813.0,,,,,1.569987863828194
CETX,712091.0,,,,,0.2879441605117887
CEVA,138069.0,,,,,8.840739813003909
CEZ,100.0,,,,,5.665132826627578
CFA,6327.0,,,,,13.35877564767143
CFBK,341.0,,,,,3.2912351542579303
CFFI,4203.0,,,,,7.9427646715364775
CFFN,173901.0,,,,,2.7014810154527984
CFMS,6123370.0,,,,,0.1495244774773698
CFNB,0.0,,,,,3.2535633452405985
CFO,11215.0,,,,,0.0
CFRX,122948.0,,,,,1.23635864094631
CG,392951.0,,,,,6.3427473516156185
CGEN,716625.0,,,,,2.769509458154409
CGIX,368264.0,,,,,0.5583496334996333
CGNT,152837.0,,,,,0.0
CGNX,521120.0,,,,,16.682041321870035
CGO,12477.0,,,,,3.161802734141509
CHCI,14089.0,,,,,0.6977239699183703
CHCO,13967.0,,,,,14.950021883751946
CHDN,106632.0,,,,,41.30606706268349
CHEF,253171.0,,,,,5.70893691291551
CHEK,1507434.0,,,,,0.08509688097428011
CHI,126316.0,,,,,2.8913293428731346
CHKP,347225.0,,,,,26.23341525998063
CHMA,4466031.0,,,,,1.0017633669019572
CHMG,440.0,,,,,7.6774113673937725
CHNR,231270.0,,,,,0.3214942324497211
CHRS,740232.0,,,,,4.1343610390353165
CHRW,351434.0,,,,,20.279160848746734
CHSCL,8298.0,,,,,6.378485319549147
CHSCM,2895.0,,,,,6.062078907320652
CHSCN,2702.0,,,,,6.121112544262239
CHSCO,4957.0,,,,,6.306683700575677
CHSCP,8861.0,,,,,6.546650493638215
CHTR,611477.0,,,,,146.36803870424816
CHUY,128239.0,,,,,5.636501602323704
CHW,89667.0,,,,,2.0748192886079204
CHY,116069.0,,,,,3.059055410303436
CIBR,372834.0,,,,,8.662226488963576
CID,768.0,,,,,6.437061486930162
CIDM,6218633.0,,,,,0.1683236122092877
CIGI,24657.0,,,,,20.16134523353983
CIL,0.0,,,,,8.922711313859487
CINF,258433.0,,,,,18.103267056813632
CIVB,13049.0,,,,,3.7769541581425297
CIZ,6441.0,,,,,6.738213318387484
CIZN,1.0,,,,,4.582195944005121
CJJD,214297.0,,,,,0.24119236193349125
CLBS,7446125.0,,,,,0.358327934598851
CLDX,230123.0,,,,,4.281153259513925
CLFD,97503.0,,,,,5.269959243145973
CLIR,71276.0,,,,,0.6010750118357154
CLLS,192119.0,,,,,6.4255548832673774
CLMT,163779.0,,,,,0.8227591393005215
CLNE,2584153.0,,,,,0.9330207562817802
CLRB,790377.0,,,,,0.4471693270766909
CLRBZ,37306.0,,,,,0.1096884804865643
CLRO,79145.0,,,,,0.5110743469930952
CLSD,59374.0,,,,,0.4640310477539257
CLSN,3309545.0,,,,,0.1509299569380876
CLVS,4000238.0,,,,,1.1584481207731838
CLWT,89306.0,,,,,0.466122181190836
CMCO,41317.0,,,,,8.750792292877643
CMCSA,9339882.0,53.930000181621715,53.930054720569395,0.9599372656035884,0.9528109212082124,11.280056666515891
CMCT,3740.0,,,,,2.50911515692369
CME,435694.0,,,,,40.15893491133451
CMLS,50677.0,,,,,2.05223519172032
CMPR,48244.0,,,,,19.377472578453947
CMRX,393522.0,,,,,0.7890257595628131
CMTL,152905.0,,,,,4.134615466590856
CNBKA,21923.0,,,,,16.88150638366061
CNCE,177005.0,,,,,2.3972654574951098
CNCR,2120.0,,,,,7.046477761792701
CNET,1060953.0,,,,,0.3567053404932764
CNFR,39077.0,,,,,0.5177522595051063
CNMD,102787.0,,,,,22.316150434539395
CNOB,56232.0,,,,,4.2348303815592185
CNSL,217515.0,,,,,1.2248113452912506
CNTY,126980.0,,,,,1.5575067333942711
CNXN,18623.0,,,,,10.135698211531203
COHR,76115.0,,,,,30.010392285962947
COHU,677941.0,,,,,8.398435113358284
COKE,9644.0,,,,,56.3892554302751
COLB,267260.0,,,,,7.573888979051698
COLL,171232.0,,,,,4.275423427675477
COLM,127519.0,,,,,18.985199383393493
COMM,708993.0,,,,,2.8388064286211065
COMT,146412.0,,,,,5.5988006747170935
CONE,307029.0,,,,,15.030729599011028
CONN,62590.0,,,,,3.0333741699806502
COOL,337707.0,,,,,2.2367333749189227
CORE,96539.0,,,,,6.673034883055428
CORT,232178.0,,,,,5.137977442352601
COST,2005607.0,,,,,81.4890398310454
COWN,324901.0,,,,,5.411462388724568
COWNL,1797.0,,,,,5.96832863645145
CPHC,3.0,,,,,2.6616472075463884
CPIX,34525.0,,,,,0.6502893129032569
CPLP,64002.0,,,,,1.7457464441455115
CPRT,440653.0,,,,,24.45929296368712
CPRX,852361.0,,,,,0.7828989530000713
CPSH,592129.0,,,,,0.500557027941955
CPSI,24778.0,,,,,6.123462846175082
CPSS,12700.0,,,,,0.8859646343581288
CPST,183953.0,,,,,1.708302003801969
CPTA,7233.0,,,,,3.1752301027300325
CRAI,4602.0,,,,,10.821338845775516
CRBP,3251125.0,,,,,0.31360483046614296
CREE,518316.0,,,,,20.4019311309542
CREG,42012.0,,,,,0.952864625779044
CRESY,139810.0,,,,,0.9183764760491184
CRIS,432219.0,,,,,0.5206821744090591
CRMT,9071.0,,,,,23.872858731908327
CRNT,1276062.0,,,,,0.7090450506877302
CROX,339484.0,,,,,13.957188797443381
CRTO,749078.0,,,,,4.185558403351374
CRUS,196516.0,,,,,18.05707359728745
CRVL,19909.0,,,,,20.2539172364644
CRVS,550550.0,,,,,0.8826214496141473
CRWS,6876.0,,,,,1.7181871557066943
CSA,228.0,,,,,11.292633383389184
CSB,8519.0,,,,,10.631066165965313
CSBR,20149.0,,,,,2.3280501004497665
CSCO,5688910.0,44.649977093506706,44.6482620596811,0.030143221555097924,0.24805628428332915,9.684525042952213
CSF,8768.0,,,,,10.467322068692397
CSGP,108618.0,,,,,194.91875988356998
CSGS,37306.0,,,,,9.618914447957092
CSII,49008.0,,,,,7.908231311804683
CSIQ,1587406.0,,,,,8.842084689316996
CSOD,225173.0,,,,,9.700279292218275
CSPI,7897.0,,,,,1.6780478550969309
CSQ,129893.0,,,,,3.395491697592832
CSTE,37199.0,,,,,2.541507246339493
CSWC,127944.0,,,,,3.85396726709006
CSWI,24960.0,,,,,23.22419454050933
CSX,892874.0,,,,,20.043602290680308
CTAS,130811.0,,,,,79.31610545567938
CTBI,37038.0,,,,,7.796420155559487
CTG,36216.0,,,,,1.5094194569882995
CTHR,92581.0,,,,,0.2677336946896288
CTIB,302538.0,,,,,0.4665591342965722
CTIC,234289.0,,,,,0.7117311485766178
CTMX,371080.0,,,,,1.6158053278764442
CTRE,134426.0,,,,,4.472696651834403
CTRN,82786.0,,,,,8.151961307011284
CTSH,1113495.0,,,,,17.688938190017396
CTSO,73419.0,,,,,1.7869035580150936
CTXS,438762.0,,,,,28.48422875623176
CUBA,15974.0,,,,,1.0712277329875428
CUTR,15535.0,,,,,5.410162255123448
CVBF,105725.0,,,,,4.314099322217517
CVCO,10984.0,,,,,40.082548783788816
CVCY,24377.0,,,,,3.5140205233786825
CVGI,154237.0,,,,,1.6918601972132512
CVGW,25572.0,,,,,15.585029892511315
CVLT,106114.0,,,,,10.69472332248637
CVLY,26197.0,,,,,3.740391368187593
CVV,13059.0,,,,,1.019335431985324
CWBC,1.0,,,,,1.9945036736333763
CWCO,33750.0,,,,,2.4930585899234647
CWST,66898.0,,,,,12.819959951543984
CXDC,123343.0,,,,,0.2595995877315045
CXSE,169214.0,,,,,13.64852979334215
CYAD,2640.0,,,,,1.9914281098833049
CYAN,3055.0,,,,,0.6612002074150569
CYBE,25200.0,,,,,6.182382209126398
CYBR,223570.0,,,,,24.851862683398103
CYCC,313220.0,,,,,0.9108491756448348
CYCCP,0.0,,,,,1.3093073414159553
CYRN,3635771.0,,,,,0.2157286568450376
CYRX,387634.0,,,,,10.703341891275675
CYTK,206837.0,,,,,3.733972876366096
CYTR,52446.0,,,,,0.17938164686873595
CZNC,24980.0,,,,,4.169909697635457
CZR,1240314.0,,,,,16.113091561758477
CZWI,4463.0,,,,,2.1498427393421258
DAIO,78521.0,,,,,0.8791945838070245
DAKT,314390.0,,,,,1.0235699042793491
DAX,2772.0,,,,,6.592037519234236
DBVT,93441.0,,,,,0.5864148480012494
DCOM,52682.0,,,,,5.473070769975524
DCTH,28793.0,,,,,3.4734885623070766
DENN,181023.0,,,,,2.908261602264567
DFVL,7.0,,,,,18.352045131502294
DFVS,239.0,,,,,3.0643519941628163
DGICA,59744.0,,,,,3.1447590120594757
DGICB,5.0,,,,,2.8532207366246265
DGII,164513.0,,,,,3.8069912893980073
DGLY,4430516.0,,,,,0.5097532860636595
DGRE,4107.0,,,,,5.992754224008566
DGRS,5808.0,,,,,8.404385918708568
DGRW,140440.0,,,,,11.683410040452127
DHIL,30878.0,,,,,33.33299048943278
DIOD,70407.0,,,,,15.737602042129948
DISCA,2876645.0,,,,,6.213762431607642
DISCB,942.0,,,,,7.046065923985523
DISCK,2073829.0,,,,,5.503347576184392
DISH,2370508.0,,,,,7.953538759154867
DJCO,7.0,,,,,58.478883170788144
DLHC,3684.0,,,,,2.38237350215038
DLTH,291188.0,,,,,2.5886940830224057
DLTR,3406798.0,,,,,24.552233585275122
DMLP,12883.0,,,,,2.5905624644151315
DMRC,59288.0,,,,,11.328755943533066
DORM,17613.0,,,,,20.821017389481355
DOX,257509.0,,,,,14.628976399393466
DRIO,135026.0,,,,,2.6081259269818533
DRIOW,17154.0,,,,,0.2911937925943274
DRNA,469807.0,,,,,5.306027080707088
DRRX,780134.0,,,,,0.4200797594204029
DSGX,61193.0,,,,,12.58442291120569
DSPG,62154.0,,,,,3.7757841148953935
DSWL,5836.0,,,,,0.6396695929635078
DTEA,91895.0,,,,,0.3991770539986276
DVAX,1593398.0,,,,,1.12870519715653
DVCR,0.0,,,,,0.7637626158259738
DWAT,0.0,,,,,2.583699820394148
DWFI,38970.0,,,,,5.624384713352033
DWIN,21128.0,,,,,2.204000691383523
DWSN,107272.0,,,,,0.4697371363231019
DXCM,529285.0,,,,,75.94574470336694
DXGE,0.0,,,,,6.734204092682724
DXJS,1579.0,,,,,8.739836114824945
DXLG,90098.0,,,,,0.10294585208132223
DXPE,26634.0,,,,,5.263885605685937
DXYN,89105.0,,,,,0.553029638420855
DYNT,590619.0,,,,,0.16613470140849934
DYSL,582.0,,,,,0.2333482932545592
DZSI,29560.0,,,,,3.2008809030536716
EA,1189331.0,,,,,28.081441646838194
EAC,3554.0,,,,,2.2258224804071225
EARS,177139.0,,,,,0.7253660751784713
EBAY,4410150.0,,,,,11.122355346088268
EBIX,221396.0,,,,,7.5973634388463624
EBMT,29204.0,,,,,4.758758632111412
EBSB,56760.0,,,,,3.1794346607384067
EBTC,2128.0,,,,,5.783245724186488
ECHO,39003.0,,,,,6.418955566944097
ECOL,55796.0,,,,,7.674810816070237
ECPG,500319.0,,,,,8.237745853395204
EDAP,100907.0,,,,,0.9116137384885498
EDIT,1364792.0,,,,,7.5182736637953615
EDUC,15674.0,,,,,3.5027167791811267
EEFT,50693.0,,,,,29.66167119698026
EEMA,48095.0,,,,,18.809858173136533
EFOI,109723.0,,,,,1.045054215174997
EFSC,44870.0,,,,,7.637606414830303
EGAN,185868.0,,,,,2.5555312333608464
EGBN,24724.0,,,,,8.737063242666132
EGHT,288483.0,,,,,4.549674530758487
EGLE,22578.0,,,,,4.279597150333209
EGOV,294242.0,,,,,5.160613549392181
EGRX,52967.0,,,,,10.36698821019522
EHTH,351114.0,,,,,16.80598428132425
EIGR,90207.0,,,,,2.015747084960936
EKSO,103037.0,,,,,1.2038244193861392
ELSE,2304.0,,,,,0.9184856455050388
ELTK,5948.0,,,,,1.0493511768599313
EMCB,779.0,,,,,16.687739411564188
EMCF,4205.0,,,,,5.3479967667476025
EMIF,6756.0,,,,,5.28715925808668
EMITF,0.0,,,,,0.3277693725730948
EMKR,388255.0,,,,,0.9842588485171236
EML,6412.0,,,,,4.869608865576741
EMMS,0.0,,,,,0.35338949776014306
ENDP,1972470.0,,,,,1.1735484814295258
ENG,635360.0,,,,,0.4001433402236933
ENPH,2411842.0,,,,,28.465126625824126
ENSG,74432.0,,,,,15.830581838558226
ENTA,50720.0,,,,,9.311517711027461
ENTG,304866.0,,,,,20.996857018081435
ENZL,3450.0,,,,,14.412723473799028
EPAY,107107.0,,,,,10.801446586789694
EPIX,105876.0,,,,,1.4683431206100674
EPZM,381850.0,,,,,2.8580167985763665
EQBK,12621.0,,,,,4.702509671508368
EQFN,0.0,,,,,2.4440403706431155
EQIX,232312.0,,,,,154.5705405996916
ERIC,3113750.0,,,,,2.699550820534512
ERIE,11512.0,,,,,48.62892177614178
ERII,165894.0,,,,,2.4599811593674863
ESBK,5403.0,,,,,2.5726281496055683
ESCA,8556.0,,,,,4.357014822524278
ESEA,18809.0,,,,,1.157788500088032
ESG,429.0,,,,,19.643870887632385
ESGD,165991.0,,,,,15.792156125683675
ESGE,523694.0,,,,,8.963849436122066
ESGG,1218.0,,,,,26.586859291148205
ESGR,33975.0,,,,,43.04957934086459
ESLT,10866.0,,,,,26.56491886545556
ESMC,12275.0,,,,,0.030396587945911463
ESPR,209101.0,,,,,6.584272360706108
ESSA,18132.0,,,,,3.507947590298583
ESXB,83100.0,,,,,1.523160873847228
ETSY,4430871.0,,,,,33.82901299205516
EUFN,615973.0,,,,,3.902181381580062
EVGBC,0.0,,,,,21.808695950185083
EVK,56912.0,,,,,0.8089489615424544
EVLMC,0.0,,,,,21.8130603079898
EVOK,174858.0,,,,,0.6725549444397549
EVOL,246793.0,,,,,0.4122133483337074
EVSTC,0.0,,,,,21.81742466579452
EWBC,269170.0,,,,,10.231233506032053
EWZS,53390.0,,,,,3.6311448297871363
EXAS,624664.0,,,,,28.99512406202954
EXEL,374103.0,,,,,4.1405246658906085
EXFO,78307.0,,,,,0.6653076217793872
EXLS,49692.0,,,,,18.441661777161965
EXPD,250440.0,,,,,19.65246683078407
EXPE,1379783.0,,,,,28.057760502166023
EXPO,43258.0,,,,,18.133183010543217
EXTR,505907.0,,,,,1.3660495732741371
EYEG,49638.0,,,,,0.8293996230947156
EYES,185723.0,,,,,0.32732334092357634
EZPW,111901.0,,,,,1.1740122494696388
FAAR,7360.0,,,,,5.958434667011561
FAB,1615.0,,,,,12.73803748815401
FAD,1279.0,,,,,21.502390906753774
FALC,835.0,,,,,1.6366341767699426
FALN,181487.0,,,,,6.347943609207075
FANG,1874427.0,,,,,10.302922677201252
FARM,128079.0,,,,,0.9710032311516138
FARO,43246.0,,,,,14.630933472943356
FAST,1169682.0,,,,,10.485324221394944
FATE,473899.0,,,,,13.261839516820949
FB,8087032.0,257.6505729451009,257.6607431997813,-0.8885164511817342,0.3903177497069928,61.03589136191036
FBIO,2453463.0,,,,,0.6079326723218408
FBIZ,13855.0,,,,,4.331625121184448
FBMS,23093.0,,,,,6.430495512157814
FBNC,74027.0,,,,,7.319039825780622
FBSS,750.0,,,,,3.8297551536561154
FBZ,0.0,,,,,2.8127412707883184
FCA,0.0,,,,,6.083274099691689
FCAP,1967.0,,,,,14.133350000886765
FCBC,30876.0,,,,,4.912439500276253
FCCO,19689.0,,,,,3.775243448437952
FCCY,5799.0,,,,,3.712744722894554
FCEL,13223068.0,,,,,1.7328576532535416
FCNCA,16965.0,,,,,131.70538152933156
FCVT,4311.0,,,,,10.216400078648515
FDIV,1064.0,,,,,0.0
FDT,6698.0,,,,,12.215460761417642
FDTS,35.0,,,,,8.925111710652088
FDUS,65895.0,,,,,2.9225326479677087
FEIM,266.0,,,,,2.2538919335517047
FELE,40344.0,,,,,15.32559535539684
FEM,103531.0,,,,,5.21226394929999
FEMB,50399.0,,,,,8.150219848843811
FEMS,17112.0,,,,,8.541119735758926
FEP,13416.0,,,,,8.176125606987313
FEUZ,582.0,,,,,9.006783173767444
FEX,8170.0,,,,,15.823001745526213
FEYE,1501680.0,,,,,3.3554970944088973
FFBC,371898.0,,,,,3.730971810732723
FFHL,9117.0,,,,,1.2355479338663753
FFIC,38564.0,,,,,3.3993195754855936
FFIN,228979.0,,,,,7.634990039896219
FFIV,200343.0,,,,,36.238734820189435
FFNW,915.0,,,,,2.4370778439349605
FFWM,49836.0,,,,,4.2027229670682535
FGBI,1742.0,,,,,3.819121166496154
FGEN,1750984.0,,,,,9.111694108492484
FGM,614.0,,,,,10.863668464000693
FHB,202115.0,,,,,5.025297965441698
FIBK,111537.0,,,,,8.754821119811586
FINX,185293.0,,,,,9.48298337116419
FISI,77037.0,,,,,4.686831488427392
FISV,1226075.0,,,,,25.560317724075265
FITB,3304259.0,,,,,5.979232432070358
FITBI,28537.0,,,,,6.308694351203263
FIVE,626672.0,,,,,35.26767195362334
FIVN,436687.0,,,,,33.065053760726045
FIZZ,227460.0,,,,,10.518526213515619
FJP,987.0,,,,,11.188130773375796
FKU,908.0,,,,,8.031543980364043
FLDM,1703416.0,,,,,1.3412026446789362
FLEX,1315432.0,,,,,3.6763957766820163
FLIC,29780.0,,,,,3.971824048282936
FLIR,503977.0,,,,,8.990082612270918
FLL,145750.0,,,,,0.8203287313227422
FLN,1.0,,,,,4.075949473998533
FLWS,493794.0,,,,,5.023665610881366
FLXN,325950.0,,,,,2.500790431017544
FLXS,21112.0,,,,,6.7574759759585925
FMB,92203.0,,,,,12.317308814370591
FMBH,19714.0,,,,,7.222652114913224
FMBI,301425.0,,,,,3.371466404146083
FMNB,56747.0,,,,,2.9176854053316528
FNHC,108110.0,,,,,1.1129112402035612
FNK,2738.0,,,,,7.765793386156941
FNLC,21276.0,,,,,5.586547765563571
FNWB,10666.0,,,,,3.2727075931798426
FNX,13007.0,,,,,17.64584178516284
FNY,92688.0,,,,,13.485224041810582
FOLD,2203290.0,,,,,5.058866850445283
FONR,16728.0,,,,,4.253706500801654
FORD,97408.0,,,,,0.41167528555705374
FORM,161667.0,,,,,9.56903862347991
FORR,11869.0,,,,,9.59342263042228
FORTY,5487.0,,,,,17.675164230070905
FOSL,200708.0,,,,,2.561454509208449
FOX,1646612.0,,,,,6.384068625685598
FOXA,8293392.0,39.089999998877914,39.08997955326411,2.2842175192877057,0.8346278996536164,6.511781981181427
FOXF,57036.0,,,,,20.61139010623134
FPA,75.0,,,,,6.823733221475048
FPRX,277557.0,,,,,3.7539109286645367
FPXI,149063.0,,,,,13.899372589872506
FRBA,40614.0,,,,,2.0640833851151754
FRBK,187917.0,,,,,0.6356135497363145
FRGI,46019.0,,,,,2.859861243446596
FRME,55038.0,,,,,7.813977868381668
FRPH,8092.0,,,,,9.898383251479887
FRPT,151171.0,,,,,29.45463386361444
FSAM,35250.0,,,,,0.05823410030080658
FSBW,18636.0,,,,,11.993236681595723
FSFG,569.0,,,,,13.856358883253884
FSLR,1102599.0,,,,,19.477814803511347
FSTR,37928.0,,,,,3.2996927724165577
FSV,14155.0,,,,,28.732472392928496
FSZ,400.0,,,,,12.77386861956994
FTA,30958.0,,,,,12.102541271645064
FTAG,600.0,,,,,5.44984118904856
FTC,11186.0,,,,,20.306979917444803
FTCS,372142.0,,,,,14.603176782394076
FTEK,205679.0,,,,,0.9479172211538386
FTGC,244221.0,,,,,3.985948132176225
FTHI,4872.0,,,,,4.357691497338714
FTLB,50.0,,,,,4.33147889782584
FTNT,1044641.0,,,,,27.88712727964077
FTRI,75372.0,,,,,2.5975076602623512
FTSL,185900.0,,,,,10.299884419138843
FTSM,206987.0,,,,,13.09961813360054
FULT,407222.0,,,,,2.863540441850996
FUNC,3946.0,,,,,3.5681409479853863
FUND,15632.0,,,,,1.5473210362275265
FV,85411.0,,,,,8.652165474589463
FVC,4094.0,,,,,6.642101492981117
FVE,82271.0,,,,,1.5604707048904198
FWP,4872.0,,,,,1.5869283041763096
FWRD,35174.0,,,,,16.093124090049322
FYC,125258.0,,,,,12.535740641351385
FYT,44542.0,,,,,8.957360438817354
FYX,24578.0,,,,,16.177443751246
GABC,24441.0,,,,,7.284257166939723
GAIA,89169.0,,,,,2.2681894832862444
GAIN,95451.0,,,,,2.243502526532329
GALT,94177.0,,,,,0.6141981026162344
GASS,52510.0,,,,,0.5016369377518354
GBCI,179232.0,,,,,9.367300853695374
GBDC,357497.0,,,,,3.0836691720255316
GBLI,4.0,,,,,5.911056048867392
GBT,216732.0,,,,,9.568504829324516
GCBC,11.0,,,,,5.4987994607392086
GDEN,64571.0,,,,,3.950922438007516
GENC,9534.0,,,,,2.758805797822033
GENE,1486460.0,,,,,0.6915576258116976
GENY,120802.0,,,,,12.180363219643855
GEOS,8382.0,,,,,1.6698492605385882
GERN,1868266.0,,,,,0.39698479968966
GEVO,11860410.0,,,,,0.39966911759227386
GFED,0.0,,,,,3.5023987574355577
GFN,92383.0,,,,,1.9538679301755009
GFNCP,2.0,,,,,21.87744903979796
GGAL,184491.0,,,,,1.9827545831428832
GIFI,15213.0,,,,,0.6790506880631111
GIGA,122.0,,,,,0.7114035809077152
GIGM,62463.0,,,,,0.6241031660749382
GIII,192804.0,,,,,5.342289799262093
GILD,2856409.0,,,,,13.433779421398745
GILT,879713.0,,,,,1.3813192451938332
GLAD,149059.0,,,,,1.8961772063227376
GLBS,538169.0,,,,,2.283242371986164
GLBZ,1.0,,,,,2.160362508171577
GLDD,64488.0,,,,,2.5079649316105908
GLDI,195761.0,,,,,2.070516635790224
GLMD,219074.0,,,,,0.8020701971857308
GLNG,1579466.0,,,,,2.03995521929173
GLPG,100333.0,,,,,26.54846755234038
GLPI,577769.0,,,,,9.189444755052047
GLRE,75784.0,,,,,1.7351233431909832
GLRI,7400.0,,,,,0.04080301204993213
GLUU,2040496.0,,,,,2.1043166751902165
GLYC,882591.0,,,,,0.814937161774028
GMLP,85674.0,,,,,0.6559454230398658
GNCA,174299.0,,,,,0.4640043088558684
GNMA,14545.0,,,,,11.105087026862307
GNMK,309352.0,,,,,3.066689471509372
GNTX,489748.0,,,,,7.388631376333734
GOGL,256198.0,,,,,0.946103616135128
GOGO,980682.0,,,,,2.208969147174501
GOLD,14783464.0,19.49012057575736,19.49273751060328,-0.9978347146759836,0.1614761150101879,5.127813931661013
GOOD,209364.0,,,,,3.9937447716999728
GOODM,6002.0,,,,,5.5820136322366825
GOOG,645539.0,,,,,398.90065376990594
GOOGL,673310.0,,,,,397.9775722819201
GPACU,164469.0,,,,,2.182178902359925
GPP,92477.0,,,,,1.954318486953556
GPRE,614483.0,,,,,3.3854300084788806
GPRO,3277122.0,,,,,1.8151264017589908
GRBK,114009.0,,,,,4.918862446306677
GRFS,343856.0,,,,,4.111374567700246
GRID,18327.0,,,,,16.653614218929135
GRMN,344024.0,,,,,26.478813634901037
GROW,102451.0,,,,,0.918580980899164
GRPN,1107692.0,,,,,7.552128205039499
GRVY,29382.0,,,,,39.10279166522403
GSBC,30223.0,,,,,10.627171437938989
GSIT,28198.0,,,,,1.6274492601616988
GSM,2283682.0,,,,,0.4328871631980231
GT,3411158.0,,,,,2.4206587904296546
GTIM,19637.0,,,,,0.3790471093293124
GTLS,148952.0,,,,,23.72767436671873
GURE,31239.0,,,,,1.0269565694176015
GWGH,6401.0,,,,,1.6355472638617166
GWPH,593100.0,,,,,30.004615720358448
GWRS,10781.0,,,,,3.1839394605146905
GYRO,2.0,,,,,3.626781335722192
HA,347976.0,,,,,4.492472960452441
HAFC,150545.0,,,,,2.3826614996012623
HAIN,176290.0,,,,,8.247972876798542
HALL,112824.0,,,,,0.759705613094472
HALO,500075.0,,,,,8.754462011759452
HAS,214246.0,,,,,19.872856961356746
HAYN,15450.0,,,,,5.420934576869802
HBAN,5112508.0,,,,,2.8610962526510297
HBANN,1598.0,,,,,5.815723956510824
HBANO,17476.0,,,,,5.621443155191507
HBANP,53481.0,,,,,5.313605627246412
HBCP,25953.0,,,,,6.0838450641149775
HBIO,58806.0,,,,,0.8548208983905361
HBMD,8908.0,,,,,2.7177253207196332
HBNC,55517.0,,,,,3.3124784509121867
HBP,93611.0,,,,,0.8231341787325461
HCAP,2880.0,,,,,1.2931192158415008
HCCI,27076.0,,,,,4.555976474041357
HCKT,36459.0,,,,,3.2389784912669346
HCM,78120.0,,,,,6.371786866576824
HCSG,511232.0,,,,,5.213279533576384
HDSN,316589.0,,,,,0.3536193754777832
HEAR,208741.0,,,,,4.357448304251127
HEES,114205.0,,,,,6.566437857565303
HELE,117422.0,,,,,46.167970653163316
HFBL,100.0,,,,,5.891883036371793
HFWA,45046.0,,,,,5.331484461182634
HGSH,12123.0,,,,,0.5672592147964661
HIBB,162680.0,,,,,10.183940199729896
HIFS,5569.0,,,,,49.806540220136995
HIHO,206446.0,,,,,0.8799181158981234
HIMX,1376375.0,,,,,1.4862169368678784
HLG,3448.0,,,,,14.070602033135955
HLIT,157372.0,,,,,1.5492271157615838
HMHC,746382.0,,,,,0.7499419292948593
HMNF,0.0,,,,,3.5986318653053924
HMNY,10339712.0,,,,,0.15562273709137978
HMST,25153.0,,,,,7.3276783298366865
HMSY,278154.0,,,,,6.856942604536072
HMTV,20174.0,,,,,2.458457175504853
HNNA,4579.0,,,,,1.9671762565196127
HNRG,159554.0,,,,,0.2450661895321604
HOFT,11044.0,,,,,7.112103952271278
HOLI,64170.0,,,,,2.7299058068522672
HOLX,750788.0,,,,,15.963324100638845
HOMB,320716.0,,,,,4.277094288753108
HONE,157866.0,,,,,2.2842705585610523
HOPE,325019.0,,,,,2.29078512572375
HOVNP,6778.0,,,,,1.678239967683164
HQY,198004.0,,,,,15.40617119295805
HRTX,314394.0,,,,,3.8325534494888926
HRZN,993953.0,,,,,2.8213147774140084
HSIC,279987.0,,,,,14.930576536732948
HSII,32236.0,,,,,5.939116607483362
HSKA,285798.0,,,,,27.849340426268157
HSON,14237.0,,,,,2.582925105210997
HSTM,70042.0,,,,,4.355065638628882
HTBI,80511.0,,,,,4.1370677355060295
HTBK,222567.0,,,,,1.9464934066365835
HTBX,3540302.0,,,,,1.622705218313097
HTGM,136879.0,,,,,1.1538209596174651
HTHT,298303.0,,,,,11.005568439451917
HTLD,79170.0,,,,,4.0678817483832335
HTLF,283160.0,,,,,9.141460419246783
HUBG,41115.0,,,,,12.211387288434198
HURC,24821.0,,,,,6.975485402068587
HURN,52561.0,,,,,10.077180814679778
HWBK,2071.0,,,,,4.799311523946663
HWCC,38115.0,,,,,0.6159488315743643
HWKN,34699.0,,,,,5.8439355781322275
HYLS,139574.0,,,,,10.65123996061688
HYZD,6740.0,,,,,4.7524585760452585
HZNP,936642.0,,,,,15.650384273403228
IAC,220059.0,,,,,31.73244907479068
IART,51505.0,,,,,12.303978400472062
IBB,1962517.0,,,,,32.2523866653542
IBCP,36613.0,,,,,3.936165290718741
IBKR,337782.0,,,,,12.01578063603469
IBOC,129897.0,,,,,7.7134400913700905
IBTX,67207.0,,,,,12.725724806273348
IBUY,140104.0,,,,,23.15622723690279
ICAD,482740.0,,,,,2.532581547877308
ICBK,28907.0,,,,,4.851599630301902
ICCC,22114.0,,,,,1.3212592062306432
ICFI,50075.0,,,,,16.26595380717042
ICLN,5490426.0,23.300002971354264,23.300317597577592,-1.9055585459610391,0.052501581677843794,5.020279823433193
ICLR,640219.0,,,,,43.75295386973072
ICON,108202.0,,,,,0.2487493604894541
ICPT,640749.0,,,,,7.72647313910535
ICUI,28230.0,,,,,43.11872226978843
IDCC,55624.0,,,,,13.413444054219902
IDLB,0.0,,,,,6.3566871425744536
IDRA,244862.0,,,,,1.066406867248154
IDXG,33304.0,,,,,0.6940030918491363
IDXX,201863.0,,,,,99.7573915104125
IEP,160691.0,,,,,11.124107386070971
IESC,14657.0,,,,,8.782068040277753
IEUS,488.0,,,,,13.112086953531144
IFGL,3411.0,,,,,5.848018944274048
IFV,65471.0,,,,,4.669192548680792
IGF,105681.0,,,,,9.623493012101221
IGLD,0.0,,,,,4.35842227810543
IGOV,23946.0,,,,,11.936280084723007
III,23975.0,,,,,0.6807371088705231
IIIN,28006.0,,,,,5.22416285072992
IIN,69049.0,,,,,3.9983171717038832
IIVI,365625.0,,,,,15.522883392078436
IKNX,1994.0,,,,,1.2871705249436145
ILMN,560201.0,,,,,76.51955720121795
IMGN,1399771.0,,,,,1.313070526146782
IMKTA,85949.0,,,,,8.221121899053768
IMMR,549779.0,,,,,1.842705246835725
IMOS,3064.0,,,,,5.4445707451924745
INBK,41388.0,,,,,5.981336330192944
INCY,525238.0,,,,,18.1422917675262
INDB,53628.0,,,,,15.770343467336044
INDY,39960.0,,,,,8.769399749534161
INFI,1263078.0,,,,,0.483112420035939
INFN,834852.0,,,,,1.9145155065763024
INFO,671232.0,,,,,20.43438116935056
INGN,105207.0,,,,,8.496071004707037
INO,10138477.0,,,,,2.7532073568578634
INOD,59520.0,,,,,1.1588047308153218
INOV,383788.0,,,,,4.05005336208384
INSM,913881.0,,,,,8.761301285854886
INTC,12695463.0,58.47917160143175,58.46857667453353,2.48292307885974,0.749965640986485,11.345154978173053
INTG,1402.0,,,,,7.7914653962524785
INTU,507188.0,,,,,80.4351074456554
INVA,97040.0,,,,,2.2917333999418825
INVE,25290.0,,,,,1.6019880119593617
INVT,0.0,,,,,0.2255841799967085
IONS,301266.0,,,,,11.176209815537453
IOSP,28534.0,,,,,19.010515891195293
IPAR,104533.0,,,,,12.636332709339573
IPDN,86212.0,,,,,0.3833295168424178
IPGP,86406.0,,,,,46.27704727083312
IPKW,2437.0,,,,,8.316007739889919
IPWR,173459.0,,,,,1.7422327687186476
IRBT,305089.0,,,,,16.821872354017295
IRCP,7516.0,,,,,2.06262972816714
IRDM,839104.0,,,,,7.481124484349705
IRIX,515748.0,,,,,0.41910872882657935
IRMD,12753.0,,,,,5.434532597959456
IROQ,1113.0,,,,,4.593060273458631
IRWD,2240261.0,,,,,2.615071986043708
ISBC,1763209.0,,,,,2.2737193432387044
ISHG,103.0,,,,,18.40663521891664
ISIG,6156.0,,,,,1.5124481487017811
ISNS,5145.0,,,,,0.9520244231690452
ISRG,161111.0,,,,,170.2838087610516
ISSC,7071.0,,,,,1.6408842673201591
ISTR,5501.0,,,,,3.703508055028256
ITCI,216735.0,,,,,5.490059677706166
ITEQ,22049.0,,,,,13.692267032945011
ITI,103735.0,,,,,1.1562199064883505
ITIC,1654.0,,,,,34.45717059399184
ITRI,92037.0,,,,,18.219635247060914
ITRN,18879.0,,,,,4.0787721639750005
IVAC,14572.0,,,,,1.3922211949138428
IXUS,1356692.0,,,,,14.533004871057193
IZEA,1696456.0,,,,,0.20938545749912008
JACK,176866.0,,,,,20.22657989620379
JAGX,4908662.0,,,,,0.3044040364797531
JAKK,39674.0,,,,,1.0801852789543571
JAZZ,229226.0,,,,,32.886810946199496
JBHT,212643.0,,,,,29.948160637362665
JBLU,3598944.0,,,,,3.4065159310009436
JBSS,12070.0,,,,,16.63848838429767
JCOM,157767.0,,,,,20.512287974312645
JCS,989832.0,,,,,0.9930272531890042
JCTCF,995.0,,,,,1.9858479924609804
JD,5903259.0,90.80658148822918,90.79954120275082,0.6908692944627638,0.43332599980443937,18.58876359774848
JJSF,38272.0,,,,,31.88353648862779
JKHY,248133.0,,,,,34.583130784687285
JKI,5563.0,,,,,34.520037280791826
JOBS,70808.0,,,,,16.488997168815462
JOUT,6548.0,,,,,19.322606819032416
JRJC,11117.0,,,,,2.184056589952554
JRVR,37193.0,,,,,9.842764653369693
JSM,19859.0,,,,,5.2503486364579155
JSMD,17010.0,,,,,13.11528251128799
JSML,8608.0,,,,,12.935861327121387
JVA,14830.0,,,,,0.8600178580198342
JYNT,222408.0,,,,,5.819301086394793
KALU,38904.0,,,,,21.67322591735104
KBAL,115046.0,,,,,2.5791334906232257
KBSF,44849.0,,,,,0.6164669845112595
KE,47092.0,,,,,3.443598809484872
KELYA,41784.0,,,,,5.0049504883021125
KELYB,1812.0,,,,,4.931991405122298
KEQU,2006.0,,,,,2.0624631307580437
KFFB,41.0,,,,,1.4925160322662678
KFRC,80741.0,,,,,9.35058312076584
KGJI,32868.0,,,,,0.032914083570655506
KHC,2334705.0,,,,,7.445777833749522
KIN,105556.0,,,,,0.8702593752130506
KINS,639.0,,,,,1.396358630903818
KIRK,388893.0,,,,,3.8257560391991663
KLAC,396978.0,,,,,57.543973384887344
KLIC,217159.0,,,,,7.028532595029953
KMDA,180993.0,,,,,1.4647250791007396
KMPH,49666279.0,9.819892874790195,9.785664693990775,-0.6025314781105584,0.364936952974336,3.2120603557502774
KNDI,1036199.0,,,,,1.74509054367951
KNSL,48706.0,,,,,53.315028666856
KOPN,4471276.0,,,,,0.4125489895354881
KOSS,954327.0,,,,,0.5551428454240658
KPTI,1610000.0,,,,,3.5541010528990764
KRMA,2554.0,,,,,5.8677937433858975
KRNT,57531.0,,,,,19.000486047059802
KRNY,153014.0,,,,,2.2890635670090846
KTCC,6909.0,,,,,1.6749783321339335
KTOS,287066.0,,,,,5.039238820817746
KURA,594733.0,,,,,8.031358704375569
KVHI,18643.0,,,,,2.325173522698689
KWEB,987341.0,,,,,16.448620136077245
LAKE,117565.0,,,,,4.4473459393631325
LAMR,228213.0,,,,,17.662351954657108
LANC,15019.0,,,,,37.45888876937789
LAND,145027.0,,,,,3.2453754596781343
LARK,13709.0,,,,,5.123760505742876
LAWS,5891.0,,,,,11.05006388250852
LBAI,169775.0,,,,,2.7975875323035133
LBRDA,25250.0,,,,,35.14462276566855
LBRDK,434142.0,,,,,35.60511490828403
LBTYA,642299.0,,,,,5.459669731958394
LBTYB,635.0,,,,,4.95572828725939
LBTYK,1348424.0,,,,,5.254881324013458
LCNB,15410.0,,,,,3.3944148386715067
LCUT,7821.0,,,,,3.161841467864651
LE,57965.0,,,,,4.680758260158963
LECO,54364.0,,,,,25.732524419523788
LEDS,40296.0,,,,,0.6922091099396984
LFUS,35197.0,,,,,53.90383044905693
LFVN,56349.0,,,,,2.4019207454880416
LGIH,256589.0,,,,,22.87780682124152
LGND,125463.0,,,,,18.8874471041753
LHCG,81707.0,,,,,43.83498164539729
LIFE,204152.0,,,,,0.9512935638224066
LILA,110370.0,,,,,2.584497431011457
LILAK,298951.0,,,,,2.5362392907721083
LINC,294300.0,,,,,1.4434750797541325
LIND,291352.0,,,,,3.1129596774174315
LINK,1924.0,,,,,1.8335042207948256
LITE,397042.0,,,,,19.487680282121858
LIVE,4075.0,,,,,2.670489630818748
LIVN,403183.0,,,,,12.052766637890599
LJPC,187441.0,,,,,1.087862852604125
LKFN,27271.0,,,,,11.726891556038982
LKOR,4611.0,,,,,14.029125492398439
LKQ,1293511.0,,,,,8.093701548852959
LLNW,2415160.0,,,,,0.9456572112517748
LMAT,77174.0,,,,,8.17989459148478
LMBS,550274.0,,,,,11.22947782647292
LMFA,1323333.0,,,,,0.17269405477051195
LMNR,17152.0,,,,,3.3358130457142745
LMNX,515887.0,,,,,5.155843315164872
LMRK,34941.0,,,,,2.366986817404736
LMRKO,1153.0,,,,,5.466272836697085
LMRKP,390.0,,,,,5.539185829980993
LNDC,15117.0,,,,,2.422376923696414
LNGR,8430.0,,,,,5.970176441781198
LNTH,98643.0,,,,,2.9982218771419653
LOAN,18387.0,,,,,1.1175204929254177
LOB,103610.0,,,,,9.590336864325662
LOCO,103682.0,,,,,3.816276822960602
LOGI,968748.0,,,,,19.053348146674526
LONE,1346.0,,,,,1.0910894511799625
LOPE,119669.0,,,,,18.807524411453635
LORL,52578.0,,,,,4.807787265089307
LPCN,1656091.0,,,,,0.3423272800459439
LPLA,161180.0,,,,,22.140213589452205
LPSN,483925.0,,,,,12.125057915574446
LPTH,470498.0,,,,,0.6431974008904361
LQDT,112712.0,,,,,2.171044933649608
LRCX,751157.0,,,,,109.10470113759744
LSBK,0.0,,,,,2.9459415181858963
LSCC,528021.0,,,,,9.234177832372543
LSTR,72244.0,,,,,29.149397520770467
LSXMA,122936.0,,,,,9.029622463362749
LSXMB,0.0,,,,,9.491974056995977
LSXMK,162255.0,,,,,9.030684552719544
LTBR,101852.0,,,,,0.8114008111449572
LTRPA,769868.0,,,,,0.9578063795355152
LTRPB,47.0,,,,,7.3828710309013745
LTRX,55318.0,,,,,1.0967861037493851
LULU,862922.0,,,,,82.28155191952322
LUNA,52831.0,,,,,2.1766353082779197
LVHD,16233.0,,,,,7.173047857119305
LWAY,8042.0,,,,,1.3595126102171788
LXRX,510209.0,,,,,0.3627493792208441
LYTS,26940.0,,,,,1.7436436601588392
MACK,54933.0,,,,,1.5438941597900542
MACQU,332714.0,,,,,2.188725439067002
MAGS,13578.0,,,,,0.8823109314158001
MANH,87561.0,,,,,22.74481118468435
MANT,149469.0,,,,,17.22135515278999
MAR,824149.0,,,,,29.593327642130586
MARA,12417612.0,,,,,1.1753273035637155
MARK,1520846.0,,,,,0.33010908534146544
MARPS,17142.0,,,,,0.7440353812077498
MASI,98562.0,,,,,57.879960749611094
MAT,741234.0,,,,,3.374430499457304
MATN,365051.0,,,,,0.053875351069596025
MATW,51822.0,,,,,6.315155166589061
MAYS,0.0,,,,,5.019011475427826
MBCN,9064.0,,,,,4.785602286843228
MBII,229604.0,,,,,0.2657524797403708
MBRX,421430.0,,,,,1.1111730448409638
MBSD,2465.0,,,,,5.25798049460384
MBUU,71958.0,,,,,12.906679789855671
MBWM,35426.0,,,,,5.603835421260282
MCBC,54954.0,,,,,1.7804734406044478
MCFT,40877.0,,,,,4.911045391169743
MCHI,3832066.0,,,,,17.618505479366267
MCHP,1054445.0,,,,,31.476061384892244
MCHX,123379.0,,,,,0.5160802968602831
MCRB,801667.0,,,,,5.547692227866166
MCRI,60033.0,,,,,11.629653039605902
MDCA,166133.0,,,,,0.5019011475427825
MDGL,34786.0,,,,,25.85323625817852
MDGS,890207.0,,,,,0.4322364325595868
MDIV,40756.0,,,,,3.358637684440714
MDLZ,3486459.0,,,,,12.881600026056724
MDRX,1222101.0,,,,,3.1443472855355115
MDWD,40909.0,,,,,0.8228091567989697
MDXG,379170.0,,,,,1.3480490213205554
MEDP,111265.0,,,,,29.98123519129907
MEIP,194282.0,,,,,0.6369576909672943
MELI,390303.0,,,,,339.84754830898004
MEOH,60818.0,,,,,9.338737052222466
MERC,114467.0,,,,,2.089452599007892
MESO,147311.0,,,,,3.5155131992939213
MFIN,27718.0,,,,,1.1581610093050607
MFINL,750.0,,,,,5.582026441806719
MFNC,1775.0,,,,,2.8196396301932976
MGEE,34627.0,,,,,15.476545630458489
MGI,1192935.0,,,,,1.4248184691963908
MGIC,12774.0,,,,,3.5076495968827004
MGLN,207850.0,,,,,17.171883239850008
MGNX,176261.0,,,,,5.2385683965345455
MGPI,41527.0,,,,,9.753456032340122
MGRC,25872.0,,,,,14.343201813068163
MGYR,4661.0,,,,,1.9290461496861715
MHLD,116434.0,,,,,0.4584473131165507
MICT,24993886.0,2.2672141843550406,2.2145994205644124,,,0.37172341364633
MIDD,445588.0,,,,,30.14311851643189
MIK,38512386.0,20.875338053564906,18.52062865843893,,,2.639083571096703
MILN,32702.0,,,,,7.916606302634042
MIME,153017.0,,,,,10.185118714928569
MIND,100842.0,,,,,0.5635825331016834
MINDP,845.0,,,,,4.29418190869927
MITK,224299.0,,,,,2.65245242381408
MKSI,169514.0,,,,,33.105689865436624
MKTX,185821.0,,,,,117.65624037191375
MLAB,7753.0,,,,,59.322174866749236
MLHR,173411.0,,,,,8.442120251328014
MLVF,103.0,,,,,3.6965740215047855
MMAC,24034.0,,,,,5.2109918903397485
MMLP,81197.0,,,,,0.4373897488419396
MMSI,114597.0,,,,,12.681011806011753
MMYT,431603.0,,,,,5.801600042799673
MNDO,38922.0,,,,,0.5453138249393962
MNKD,4676842.0,,,,,0.6467856997538447
MNOV,33504.0,,,,,1.3289469515371934
MNRO,134370.0,,,,,10.547286894100301
MNST,640823.0,,,,,19.080488557143788
MNTX,9698.0,,,,,1.0513729813755557
MOFG,16394.0,,,,,5.47317049771749
MOMO,1195066.0,,,,,2.965442864867039
MORN,46445.0,,,,,43.93873475980998
MOSY,159521.0,,,,,0.3421077778739088
MPAA,21087.0,,,,,5.038022159821712
MPB,20938.0,,,,,5.097953314328058
MPWR,164868.0,,,,,70.12931471186553
MRCC,64917.0,,,,,1.9980719129761682
MRCY,79964.0,,,,,16.188051111579995
MRLN,12036.0,,,,,2.6821701313379567
MRNS,122164.0,,,,,3.1816266461193496
MRTN,184266.0,,,,,3.9394370500752927
MRTX,96307.0,,,,,50.90236458559574
MRUS,62964.0,,,,,3.721347547865831
MRVL,7527933.0,40.398585460312475,40.39414942980416,-1.804504523393984,-0.04800420168067245,9.465294286219246
MSBI,41160.0,,,,,3.949816296814842
MSEX,33074.0,,,,,15.412671400879578
MSFT,15530921.0,227.05013201744953,227.05023095189355,1.8949762366041856,0.5216292351624602,46.77700959825433
MSON,25661.0,,,,,3.0628961736750817
MSTR,440932.0,,,,,71.57256985167768
MTBC,61907.0,,,,,2.3299908319471134
MTBCP,5851.0,,,,,5.679947340388824
MTCH,678413.0,,,,,31.726343181009273
MTEX,2355.0,,,,,4.353446910208045
MTLS,410912.0,,,,,10.492357849322463
MTP,238538.0,,,,,0.4108525606357473
MTRX,36128.0,,,,,2.1045447492694085
MTSC,25665.0,,,,,8.37333082243361
MTSI,102299.0,,,,,10.455229145771717
MTSL,35368.0,,,,,0.296406363224937
MU,15734318.0,84.34719323651707,84.34599995650863,2.648250302343369,0.6113950179846458,16.003542299053127
MVIS,4064682.0,,,,,0.5985150903066343
MXIM,496210.0,,,,,18.85584968674836
MYGN,193386.0,,,,,4.118641716829301
MYRG,40751.0,,,,,12.182430332993775
MYSZ,152499.0,,,,,0.27459616348301
NAII,23105.0,,,,,2.16682754607022
NAKD,43182293.0,0.8885274306743532,0.7007419115481761,,,0.16438917267403955
NATH,2253.0,,,,,12.628575440605474
NATI,105240.0,,,,,8.67329838455163
NATR,25565.0,,,,,2.7979981907418234
NAUH,0.0,,,,,0.0257606219423589
NAVI,639737.0,,,,,2.0876938909652694
NBIX,814172.0,,,,,21.06451429236361
NBN,10833.0,,,,,4.904993027668526
NBRV,3260226.0,,,,,0.8085570184795084
NBTB,32949.0,,,,,6.976426662929439
NCBS,11804.0,,,,,15.26686900766368
NCLH,20261460.0,32.969332713029985,32.95538315898631,1.2464437243415776,0.9341607067732438,5.740122461407241
NCMI,321097.0,,,,,0.8103639416060453
NCTY,2422739.0,,,,,0.6903829090677686
NDAQ,148074.0,,,,,27.342138478547568
NDLS,236852.0,,,,,1.7522656739236944
NDSN,64921.0,,,,,43.73529329163719
NEO,301421.0,,,,,10.475208848785924
NEOG,30203.0,,,,,16.89184031612481
NEON,17672.0,,,,,1.6144748515669347
NEOS,522808.0,,,,,0.1658680656147372
NEPT,2427976.0,,,,,0.3741412234938118
NERV,170925.0,,,,,0.5986982640032007
NETE,295285.0,,,,,2.474084860899818
NEWT,77138.0,,,,,4.0454719604276095
NEWTL,0.0,,,,,5.551383826858722
NEWTZ,1500.0,,,,,5.6081561354869605
NFBK,34136.0,,,,,2.556933914178664
NFLX,2906165.0,,,,,108.73967709872043
NH,81661.0,,,,,0.5493750899845727
NHTC,20283.0,,,,,1.1741764802268218
NICE,174251.0,,,,,53.17821395944893
NICK,920.0,,,,,1.6842432215940737
NK,728658.0,,,,,2.0560480933969902
NKSH,6059.0,,,,,7.0203896897999085
NKTR,288372.0,,,,,3.796764375689575
NLST,6078584.0,,,,,0.13015492805005568
NMIH,408523.0,,,,,5.128563392557983
NNBR,84748.0,,,,,1.4785038300440732
NNDM,16174901.0,,,,,1.6235786855136545
NOVT,44935.0,,,,,26.16431918066077
NRIM,17779.0,,,,,7.240292209367857
NSEC,1.0,,,,,2.433129476131316
NSIT,107621.0,,,,,16.016695858462555
NSSC,46087.0,,,,,6.7882946317175925
NSTG,290182.0,,,,,12.836162373425525
NSYS,31463.0,,,,,1.0514546830199136
NTAP,492941.0,,,,,13.089991939848607
NTCT,73878.0,,,,,5.399913351137357
NTEC,119119.0,,,,,0.7848197967954613
NTES,1275853.0,,,,,19.06625022800096
NTGR,153574.0,,,,,7.447941856859933
NTIC,4517.0,,,,,2.2194629106894976
NTLA,730488.0,,,,,9.475844348462967
NTRA,480021.0,,,,,19.086083164881632
NTRS,412791.0,,,,,20.68959216704779
NTWK,16591.0,,,,,0.7739323839079572
NUAN,832559.0,,,,,9.177894710837569
NURO,483561.0,,,,,0.4368870288603781
NUVA,308521.0,,,,,10.594785164848652
NVAX,2264572.0,,,,,27.55096058866713
NVCN,3418833.0,,,,,0.2049557043918508
NVCR,520792.0,,,,,32.18609169957648
NVDA,4831418.0,,,,,118.34623336244988
NVEC,8224.0,,,,,11.497900636534446
NVEE,30188.0,,,,,16.274635675830538
NVFY,12802.0,,,,,0.5289616243280779
NVIV,941878.0,,,,,0.14876920852512665
NVMI,59439.0,,,,,14.726994696853907
NWBI,191878.0,,,,,2.72988896352172
NWBO,786624.0,,,,,0.3278950692535703
NWFL,18969.0,,,,,5.725698161268452
NWLI,1481.0,,,,,42.94509101592281
NWPX,17086.0,,,,,6.388091321012514
NWS,203128.0,,,,,4.0745101174615455
NWSA,1324870.0,,,,,4.0754700031593165
NXEOW,0.0,,,,,0.11254564069210904
NXPI,786951.0,,,,,35.78544466056369
NXST,392673.0,,,,,24.178732857262613
NXTD,4214388.0,,,,,0.19668743411288853
NYMT,1618972.0,,,,,0.8273973866272997
NYMTO,12341.0,,,,,4.922878758039401
NYMTP,3980.0,,,,,4.927255196191483
NYMX,116989.0,,,,,0.4920034376131659
OBAS,1160.0,,,,,2.4222185816195143
OBCI,19248.0,,,,,2.7826197939542108
OCC,6604.0,,,,,0.6681441771126437
OCFC,163217.0,,,,,3.6626993082243615
OCUL,289976.0,,,,,4.438690132380197
ODFL,275446.0,,,,,45.66304882160076
ODP,129748.0,,,,,6.143658148267977
OESX,181614.0,,,,,2.0446277753004374
OFED,121.0,,,,,5.170754111770619
OFIX,22877.0,,,,,8.092101196908452
OFLX,4083.0,,,,,32.95085727506124
OFS,42991.0,,,,,1.5728552828105076
OIIM,178997.0,,,,,1.5081854930998833
OLD,3428.0,,,,,6.411136479237548
OLED,193778.0,,,,,51.532277003354864
OLLI,384644.0,,,,,17.612157413414867
OMAB,31835.0,,,,,11.277446159760391
OMCL,51375.0,,,,,23.80880769088365
OMER,281291.0,,,,,3.0744051443768248
OMEX,13372.0,,,,,1.543229227178359
ON,2637030.0,,,,,6.5279493436889515
ONB,504069.0,,,,,3.6158945993829823
ONCS,122859.0,,,,,1.2160540231040289
ONEQ,20303.0,,,,,105.77537058903441
ONTX,22289294.0,1.0571624803402866,0.8910727783369752,,,0.07844351487360443
ONTXW,33830.0,,,,,0.038137550579610976
ONVO,222290.0,,,,,1.7584396394842934
OPGN,1915123.0,,,,,0.4295452446865749
OPHC,984169.0,,,,,0.6739783698330534
OPK,3373325.0,,,,,1.0405053121192729
OPOF,54.0,,,,,3.763408468016598
OPTT,1433290.0,,,,,0.5503382772631201
ORBC,332618.0,,,,,1.3868447357846991
ORLY,292252.0,,,,,98.19801991382008
ORMP,275282.0,,,,,0.910232309383018
ORRF,17675.0,,,,,3.6771536782216594
OSBC,44609.0,,,,,2.252167182591524
OSIS,27231.0,,,,,19.593363385233108
OSN,8926.0,,,,,0.9492478225265666
OSTK,1258421.0,,,,,13.688422843708874
OSUR,1067491.0,,,,,2.5949449871136827
OTEL,1101.0,,,,,2.518556582838647
OTEX,278437.0,,,,,9.995419420509842
OTIC,1693094.0,,,,,0.9727321864578146
OTTR,34509.0,,,,,9.001438009114947
OVBC,2846.0,,,,,5.0408003497053215
OVLY,4633.0,,,,,3.934048083836752
OXBR,370172.0,,,,,0.4141725900863712
OXBRW,31473.0,,,,,0.11758982637179992
OXFD,790473.0,,,,,3.3397432866607017
OXLC,342475.0,,,,,1.278738287371785
OXLCO,167.0,,,,,5.499090861155518
PAAS,1508838.0,,,,,6.670770605589532
PACB,2434030.0,,,,,4.400459290108912
PACE,205280.0,,,,,2.2688591341346207
PACW,340133.0,,,,,5.570758145717756
PAHC,79102.0,,,,,4.040741735322969
PANL,15755.0,,,,,0.5558982942037397
PATI,3822.0,,,,,2.1105820114640443
PATK,40014.0,,,,,14.805649638890042
PAVM,1960507.0,,,,,0.4643240655797226
PAVMW,21419.0,,,,,0.1011111088230966
PAYX,497519.0,,,,,20.615574660812754
PBCT,3048306.0,,,,,2.8870499553251023
PBHC,0.0,,,,,2.557646864833776
PBIP,6408.0,,,,,3.0661207305689735
PBPB,90927.0,,,,,1.1551328314094298
PCAR,665910.0,,,,,18.91965313823269
PCH,131566.0,,,,,10.065501683770645
PCOM,14515.0,,,,,2.73578699361323
PCRX,163575.0,,,,,13.226227742987193
PCTI,115604.0,,,,,1.4580601418583343
PCTY,131516.0,,,,,42.70959508145325
PCYG,11332.0,,,,,1.0827105281558391
PCYO,34388.0,,,,,2.2374451543297766
PDBC,1595199.0,,,,,3.1830526133096164
PDCE,719122.0,,,,,4.2473020578785565
PDCO,1153833.0,,,,,7.117062114594178
PDEX,15233.0,,,,,8.620263396876041
PDFS,57207.0,,,,,5.006496276650943
PEBK,4975.0,,,,,5.645376857747936
PEBO,23340.0,,,,,5.787130372475201
PEGA,281046.0,,,,,28.538274819043302
PENN,1968430.0,,,,,15.441087452949812
PERI,1641261.0,,,,,1.6835164997578338
PESI,5781.0,,,,,1.4194753635904822
PETS,247207.0,,,,,6.372584234037533
PFBC,24554.0,,,,,8.976205621153428
PFBI,20395.0,,,,,3.1446235038759065
PFBX,1214.0,,,,,2.9893524778218503
PFIE,134170.0,,,,,0.20250965125876505
PFIN,929.0,,,,,1.124419354173887
PFIS,19303.0,,,,,8.508757901728126
PFLT,126092.0,,,,,2.3923419923796705
PFMT,161676.0,,,,,0.176911015786754
PFPT,253300.0,,,,,23.975711697144014
PFSW,22545.0,,,,,1.4344146248705727
PGC,22164.0,,,,,5.010259987799577
PGTI,62564.0,,,,,4.095132221472958
PI,130481.0,,,,,9.328676251915416
PICO,13411.0,,,,,1.9574144754168523
PINC,123082.0,,,,,7.709298619162872
PIRS,174986.0,,,,,0.6539463532770351
PKBK,6623.0,,,,,3.5135935289411364
PKOH,16605.0,,,,,6.898458197493802
PLAB,136964.0,,,,,2.814709986404168
PLAY,562743.0,,,,,5.819439591564673
PLBC,914.0,,,,,5.419056091208333
PLCE,98420.0,,,,,10.325376877039716
PLPC,2539.0,,,,,14.293036366980962
PLSE,69669.0,,,,,3.7362046281908863
PLUG,14276534.0,39.79133215287216,39.951205240261395,-0.8768158095129164,0.3086813293419813,5.420062451205037
PLUS,10142.0,,,,,19.312214206360387
PLXS,32242.0,,,,,17.024890195671233
PMBC,28763.0,,,,,1.0798461121020313
PMD,4131.0,,,,,1.0800727453395291
PME,63492.0,,,,,0.47877440857959397
PMTS,29878.0,,,,,0.8465048527022855
PNBK,1.0,,,,,1.7909425770499496
PNFP,156277.0,,,,,13.016006730360365
PNNT,148906.0,,,,,1.0040417100687091
PNQI,13159.0,,,,,49.23415484387784
PNRG,71.0,,,,,11.783393621900586
PODD,235813.0,,,,,56.49247418259065
POOL,110642.0,,,,,70.76047196874794
POWI,103731.0,,,,,16.450425531011938
POWL,15708.0,,,,,6.102780235985445
PPBI,139759.0,,,,,6.591931162719527
PPC,179954.0,,,,,4.535434731211351
PPH,7511.0,,,,,14.507073118113567
PPSI,285926.0,,,,,0.9628964422679336
PRAA,265752.0,,,,,9.443389504133766
PRAH,233786.0,,,,,24.812637131733304
PRFT,93585.0,,,,,10.714730673274923
PRFZ,10204.0,,,,,32.020892545714716
PRGS,110205.0,,,,,9.079216058276954
PRIM,612022.0,,,,,5.740493781032085
PRKR,149997.0,,,,,0.12959771565050493
PRMW,703641.0,,,,,3.401801284673701
PROV,4467.0,,,,,3.2224682822211768
PRPH,97676.0,,,,,2.046166655654324
PRQR,178627.0,,,,,0.8662962747202532
PRTA,147077.0,,,,,2.5156017845593537
PRTK,159002.0,,,,,1.5115163227787585
PRTS,468049.0,,,,,3.524462905843337
PRZM,16900.0,,,,,0.005575467095529604
PSCC,2320.0,,,,,19.107419421475264
PSCD,9527.0,,,,,17.589320628074724
PSCE,317620.0,,,,,0.9650577897159892
PSCF,3999.0,,,,,10.472410823675649
PSCH,9325.0,,,,,34.545091354387765
PSCI,802.0,,,,,16.966122840571288
PSCM,954.0,,,,,11.953170053250401
PSCT,10980.0,,,,,25.080542375485486
PSCU,1736.0,,,,,11.40781179544809
PSEC,1015506.0,,,,,1.1826717036562358
PSET,0.0,,,,,10.346041137745663
PSIX,0.0,,,,,0.7354995789571592
PSMT,24174.0,,,,,18.647957386092976
PSTI,269636.0,,,,,2.370600101344622
PTC,262805.0,,,,,23.91582986701765
PTCT,139373.0,,,,,14.339303494505945
PTEN,1017689.0,,,,,1.1271279718824991
PTGX,337591.0,,,,,4.891271927013934
PTNR,2044.0,,,,,1.0586426839468923
PTSI,4312.0,,,,,9.924496908941176
PULM,2025348.0,,,,,0.29060498345032343
PVBC,16707.0,,,,,2.32281906200948
PWOD,14658.0,,,,,5.938326212595668
PXLW,285253.0,,,,,0.6137302096645416
PXS,256978.0,,,,,0.2190012051474257
PY,6256.0,,,,,7.448741717568746
PYPL,6045067.0,239.35319666956082,239.29767560400478,1.4064409659250776,0.3693635616018287,47.52048639509411
PZZA,385038.0,,,,,17.64392188016155
QABA,14230.0,,,,,9.598452783784673
QADA,10599.0,,,,,13.857112918776116
QADB,0.0,,,,,9.146410802878048
QAT,1457.0,,,,,4.090680263301784
QBAK,0.0,,,,,0.5931445292821128
QCLN,357276.0,,,,,13.381504507580589
QCOM,7311599.0,128.2793467306705,128.31938912616965,-5.3186239938071305,-0.03982162480376734,34.39587555039904
QCRH,37506.0,,,,,8.149880542737803
QDEL,692158.0,,,,,42.240104169362
QGEN,377146.0,,,,,10.534580699069474
QIWI,258930.0,,,,,3.183443847893838
QLC,290.0,,,,,8.768773485243441
QLYS,323553.0,,,,,20.034534808866532
QNST,70412.0,,,,,4.192842539716371
QQEW,79852.0,,,,,21.528989946606846
QQQ,41030131.0,303.64711836306725,303.85419843948563,-0.5825930407818052,0.22260936943355927,66.6697061962161
QQQX,73421.0,,,,,5.643194298120204
QQXT,25248.0,,,,,16.902981789408766
QRHC,20257.0,,,,,0.4498755163362715
QRVO,495704.0,,,,,36.08207978410913
QTEC,651788.0,,,,,29.572940411487426
QTNT,454642.0,,,,,1.5267004923322718
QUIK,252952.0,,,,,0.7048437854622559
QUMU,30008.0,,,,,1.087039470015249
QURE,256785.0,,,,,10.933706228963155
QYLD,1287467.0,,,,,4.951311333136924
RADA,323530.0,,,,,2.011496785351353
RAIL,249476.0,,,,,0.6082842555696315
RAND,0.0,,,,,2.7146066155212765
RARE,455815.0,,,,,28.047051492633127
RAVE,191789.0,,,,,0.21619745167096827
RAVN,90845.0,,,,,6.204558808830007
RBCAA,15762.0,,,,,8.338715489330541
RBCN,1071.0,,,,,1.9398812535704013
RCII,297815.0,,,,,7.776163912946676
RCKY,21434.0,,,,,6.728557193153491
RCMT,354250.0,,,,,0.3687722996667388
RCON,190317.0,,,,,0.2929738368126101
RDCM,23434.0,,,,,2.24524183728202
RDHL,538894.0,,,,,1.9259090246552728
RDI,9866.0,,,,,0.8020699493988201
RDIB,0.0,,,,,4.3970904882552455
RDNT,49487.0,,,,,4.294956972757058
RDUS,686282.0,,,,,3.2274156302305665
RDVY,304449.0,,,,,8.595501145789115
RDWR,95832.0,,,,,5.544669962980968
REFR,138580.0,,,,,0.6626728012930052
REGI,658940.0,,,,,12.946537969094573
REGN,391141.0,,,,,107.46160222969073
RELL,11315.0,,,,,1.0280457466111337
RELV,100.0,,,,,0.0
REPH,178751.0,,,,,0.5048085836778349
RESN,614021.0,,,,,0.4759017835456335
RETA,161986.0,,,,,30.80336933448309
RFAP,1.0,,,,,12.154789428344548
RFDI,3415.0,,,,,13.498304490767007
RFEM,3920.0,,,,,14.783825412913446
RFEU,42.0,,,,,13.904843965837436
RFIL,14223.0,,,,,1.1886302345191566
RGCO,19587.0,,,,,5.2939465856177845
RGEN,137773.0,,,,,41.09661831315646
RGLD,192672.0,,,,,24.062857331669182
RGLS,1593238.0,,,,,0.1768793027375275
RGNX,100564.0,,,,,8.259914006585298
RIBT,136453.0,,,,,0.12220201853215575
RICK,46091.0,,,,,6.212842080312742
RIGL,3010752.0,,,,,0.6710136265359911
RILY,129955.0,,,,,7.648437733752758
RKDA,495953.0,,,,,0.7224997256823573
RMBS,296229.0,,,,,3.81412938144138
RMCF,73533.0,,,,,1.0311969244152197
RMR,13373.0,,,,,8.417264772277733
RMTI,501032.0,,,,,0.2550533961889743
RNDB,7751.0,,,,,3.780033815094261
RNET,238613.0,,,,,1.1936952951987674
RNST,108210.0,,,,,7.2292489119404815
RNVA,4075801.0,,,,,0.004364357804719849
RNWK,888321.0,,,,,0.33860904739661063
ROBO,56965.0,,,,,12.699591315111599
ROCK,107662.0,,,,,14.111771168687305
ROIC,391119.0,,,,,3.1326675584996715
ROLL,12624.0,,,,,38.40209685157007
ROST,2615722.0,,,,,25.147254585217578
RP,417626.0,,,,,15.098322079793745
RPD,303070.0,,,,,16.13750350739899
RPRX,1563893.0,,,,,9.375443419696436
RRGB,193724.0,,,,,4.6882051829820925
RRR,345968.0,,,,,5.245363080452612
RUN,2814171.0,,,,,12.590838530716315
RUSHA,106542.0,,,,,8.763345140784669
RUSHB,15864.0,,,,,7.947168175750503
RUTH,226575.0,,,,,3.672801054846067
RVNC,425627.0,,,,,5.305917639040605
RVSB,86116.0,,,,,1.1704041316593763
RWLK,2673548.0,,,,,0.26039664732665285
RYAAY,118486.0,,,,,25.381998271871147
SABR,4463467.0,,,,,2.705404970823328
SAFM,74004.0,,,,,32.492079231326514
SAFT,23631.0,,,,,16.479485294070173
SAGE,124394.0,,,,,15.655378328911345
SAIA,60099.0,,,,,39.9340044640939
SAL,57188.0,,,,,8.377407680654207
SALM,489613.0,,,,,0.2381665286557176
SAMG,12981.0,,,,,3.1076012047427923
SANM,100644.0,,,,,7.255982147649544
SANW,12912.0,,,,,0.5915290736143106
SASR,68564.0,,,,,6.88041007914084
SATS,669286.0,,,,,5.155662203546849
SAVE,1972412.0,,,,,5.622203834109143
SBAC,430233.0,,,,,62.50905739211989
SBBP,901342.0,,,,,0.6220973198337143
SBCF,66446.0,,,,,5.978362458211862
SBFG,1420.0,,,,,4.076720497210307
SBGI,267689.0,,,,,6.307767479593863
SBLK,918362.0,,,,,1.8935436079054444
SBNY,462075.0,,,,,27.156299005101825
SBRA,899481.0,,,,,3.982938316480644
SBSI,58586.0,,,,,6.703379572703037
SBUX,2274929.0,,,,,22.31920876474248
SCHL,36670.0,,,,,5.455500009896479
SCHN,112544.0,,,,,6.015857039258464
SCKT,416034.0,,,,,0.5536028970088863
SCON,7607.0,,,,,0.2316987256775269
SCOR,1022002.0,,,,,0.527966872148115
SCSC,17948.0,,,,,6.003408300610388
SCTY,0.0,,,,,2.9480057160774167
SCVL,29772.0,,,,,8.368637848224564
SCWX,24070.0,,,,,2.6870992349966336
SCYX,286916.0,,,,,1.3834753308793055
SCZ,1011590.0,,,,,14.537226757469066
SEAC,474105.0,,,,,0.2211872177472856
SEDG,355506.0,,,,,59.34706118778614
SEED,73207.0,,,,,1.9873183567139208
SEIC,198133.0,,,,,12.355391209227855
SELB,618357.0,,,,,0.7017882613194873
SELF,5995.0,,,,,0.8880939709845563
SENEA,14541.0,,,,,9.557227809365912
SENEB,1.0,,,,,9.296082124053273
SFBC,14668.0,,,,,6.764754597315763
SFBS,80259.0,,,,,8.649805361271929
SFM,1918397.0,,,,,4.3402150937881165
SFNC,179398.0,,,,,4.608704936552993
SFST,10448.0,,,,,7.482430293057513
SGC,35094.0,,,,,4.7912699271689725
SGEN,672164.0,,,,,39.11183933722129
SGMA,10006.0,,,,,0.8039466832222495
SGMO,454109.0,,,,,2.1782334894522872
SGMS,269246.0,,,,,8.260779858768956
SGOC,102933.0,,,,,0.2652834187353409
SGRP,131356.0,,,,,0.21387967166806848
SGRY,171750.0,,,,,6.039981516822093
SHBI,17045.0,,,,,3.1181871111605983
SHEN,32642.0,,,,,9.935722566313528
SHIP,6461238.0,,,,,0.14589749151393167
SHLD,1.0,,,,,6.3882116559905375
SHOO,262234.0,,,,,7.392008234871207
SHSP,64539.0,,,,,3.681938619333432
SIEB,174482.0,,,,,0.8002063379220359
SIEN,484160.0,,,,,1.2144187801954809
SIFY,804746.0,,,,,0.2428343799972965
SIGI,43279.0,,,,,14.249107275025619
SILC,33147.0,,,,,8.712698844462166
SIMO,201784.0,,,,,9.690045558507332
SINA,102210.0,,,,,9.501513201165876
SINO,2488898.0,,,,,0.6365188511130789
SIRI,9701190.0,,,,,1.3835959737192365
SIVB,89671.0,,,,,78.19101917915879
SKOR,9759.0,,,,,12.050077563825967
SKYW,93488.0,,,,,9.813585732807743
SKYY,337684.0,,,,,19.857423652272967
SLAB,124144.0,,,,,26.9364262820676
SLCT,34129.0,,,,,2.1101830181004453
SLGN,73336.0,,,,,7.60863496268947
SLM,1606013.0,,,,,2.5087245036667056
SLMBP,0.0,,,,,10.238264635299505
SLP,54216.0,,,,,12.557749014374025
SLQD,454257.0,,,,,11.369147898178875
SLRC,44826.0,,,,,3.9128346110822814
SLVO,878815.0,,,,,1.3770177930746677
SMBC,20607.0,,,,,6.786677556447224
SMBK,17662.0,,,,,4.107267707100911
SMCI,74699.0,,,,,6.684059848377223
SMCP,419.0,,,,,5.556718143572756
SMED,50680.0,,,,,1.7729131841590318
SMIT,1706.0,,,,,1.2186867168354223
SMMF,14287.0,,,,,4.8421147430349984
SMMT,119109.0,,,,,1.0958915603926245
SMSI,69794.0,,,,,1.190883343192188
SMTC,87897.0,,,,,15.755326380879168
SMTX,14716.0,,,,,1.0353700085956103
SNCR,111623.0,,,,,0.6519784873700071
SNDE,77382.0,,,,,0.4296407925593215
SNDX,284906.0,,,,,5.362917305513159
SNFCA,11458.0,,,,,1.791185190771432
SNPS,561480.0,,,,,51.69048589591958
SNSR,53089.0,,,,,6.8341995964883635
SOCL,33156.0,,,,,12.823915005029528
SOFO,1310.0,,,,,0.6771220221239624
SOHO,37116.0,,,,,0.6913268256697506
SOHOB,3161.0,,,,,2.7947580348202634
SOHU,158176.0,,,,,3.877881407658825
SONA,51701.0,,,,,2.5287609393981842
SOXX,773131.0,,,,,82.79388201408709
SP,42458.0,,,,,6.813731374453028
SPCB,745271.0,,,,,0.23176070140761104
SPHS,60816.0,,,,,0.06235062869067658
SPI,341288.0,,,,,1.932775287206666
SPKE,168237.0,,,,,2.0185154846829287
SPLK,1227654.0,,,,,35.1479870701897
SPNE,12313.0,,,,,3.5262622226053755
SPNS,45972.0,,,,,6.209799126495852
SPOK,18398.0,,,,,2.2089895123369887
SPPI,1154168.0,,,,,1.0631129265943295
SPRT,15389.0,,,,,0.4611776007945801
SPSC,78985.0,,,,,21.626278840456767
SPTN,188744.0,,,,,4.256283003971012
SPWH,375669.0,,,,,2.83246821526318
SPWR,2566528.0,,,,,4.561450344077602
SQBG,15542.0,,,,,3.1804489868307133
SQQQ,84834825.0,15.842198889380185,15.809000840358108,-0.07500845966340917,0.5872023273598076,3.632110881151683
SRCE,29799.0,,,,,8.741818996846687
SRCL,84805.0,,,,,15.316969094675715
SRDX,10646.0,,,,,8.838653235869756
SRET,220598.0,,,,,1.9638844352522635
SREV,96836.0,,,,,0.3600595188893877
SRNE,6902701.0,,,,,1.7414811589004175
SRPT,610009.0,,,,,34.50638681971904
SRTS,257764.0,,,,,0.786769078140668
SSB,99403.0,,,,,15.805374526028176
SSBI,1470.0,,,,,2.8782093980638623
SSKN,464840.0,,,,,0.36742188906490997
SSNC,627806.0,,,,,15.52202485145786
SSYS,6375098.0,24.35036313815894,24.357120150446228,0.017816040773777075,0.20086856568123854,3.9314334648242113
STAA,266506.0,,,,,16.4462279617267
STAF,1595734.0,,,,,0.2338855616835469
STBA,55773.0,,,,,5.241046270755593
STFC,42234.0,,,,,3.656898747493456
STKL,1516109.0,,,,,2.1696485778357197
STKS,30941.0,,,,,0.6833886397847093
STLD,850000.0,,,,,8.47585502394986
STLY,9310.0,,,,,0.1311752883853132
STMP,143933.0,,,,,42.00850620266516
STRA,147364.0,,,,,20.33773782288954
STRL,920354.0,,,,,3.606207405576381
STRM,89390.0,,,,,0.3958943798100956
STRS,3906.0,,,,,5.523810505990584
STRT,5917.0,,,,,10.002481009012307
STX,2652954.0,,,,,13.981915731628355
SUMR,147.0,,,,,3.657119451431457
SUNS,52584.0,,,,,3.2080504547666484
SUNW,1634475.0,,,,,0.9354508021496084
SUPN,386667.0,,,,,4.7991262784704976
SVA,0.0,,,,,0.0
SVBI,1836.0,,,,,1.5691878736933895
SVVC,4696.0,,,,,0.9580835420681568
SWIR,108303.0,,,,,3.4068805293951336
SWKS,751152.0,,,,,32.769351840126404
SYBT,20848.0,,,,,8.958037159549876
SYKE,50576.0,,,,,8.523602952148638
SYNA,346225.0,,,,,17.856950340176205
SYNC,197485.0,,,,,0.29616188555643386
SYNL,18456.0,,,,,1.3803630613953533
SYPR,468210.0,,,,,0.3076954572400649
SYRS,409809.0,,,,,1.6906589490016255
TA,72859.0,,,,,7.4052364511781565
TACO,200950.0,,,,,2.0451852485364768
TACT,14763.0,,,,,1.9526049998703232
TAIT,39194.0,,,,,0.6101881498570366
TANH,572447.0,,,,,0.3587041489906401
TANNI,3158.0,,,,,5.649351622283624
TANNL,3081.0,,,,,5.555787102861209
TANNZ,540.0,,,,,5.571098465461272
TAST,219751.0,,,,,1.5159116382399176
TATT,7594.0,,,,,0.984065494446701
TAYD,2591.0,,,,,2.29210954802905
TBBK,134453.0,,,,,2.8670572278780915
TBIO,394031.0,,,,,4.835801425411456
TBK,74577.0,,,,,10.353470637741564
TBNK,8774.0,,,,,5.075479767517481
TBPH,141564.0,,,,,3.7207457570169216
TCBI,168242.0,,,,,12.538394985286546
TCBIL,3870.0,,,,,5.689030342691723
TCBIP,447.0,,,,,5.627362805667309
TCBK,35864.0,,,,,7.434581714270044
TCCO,2310.0,,,,,0.8636746187915433
TCFC,9686.0,,,,,5.854935954738295
TCMD,76078.0,,,,,9.235952462390546
TCON,418110.0,,,,,1.9393917228990536
TCPC,359080.0,,,,,2.6982460427707897
TCX,13478.0,,,,,17.001976833250392
TDIV,17387.0,,,,,10.775585629531207
TEAM,1100093.0,,,,,49.10076332438696
TECH,71752.0,,,,,66.90087730864106
TEDU,69531.0,,,,,0.7300245512288287
TENX,54281.0,,,,,0.2730440013694777
TESS,23645.0,,,,,1.3630233575073405
TFSL,182947.0,,,,,3.844912389897188
TGA,224032.0,,,,,0.16938284086628638
TGEN,56558.0,,,,,0.3226634758406938
TGLS,166922.0,,,,,1.3412840926886451
TGTX,739854.0,,,,,6.241846195115004
THFF,23309.0,,,,,8.571653730925135
THRM,63700.0,,,,,13.373864845559492
THST,150.0,,,,,0.13010240108517546
TILE,233174.0,,,,,2.0417553009910168
TIPT,10679.0,,,,,1.1565548182507597
TITN,70884.0,,,,,4.217861061109317
TLGT,2015504.0,,,,,0.14743146687540806
TLND,26930.0,,,,,8.495203075426476
TLOG,5500.0,,,,,0.06541539858667804
TLT,9084734.0,137.9739642651556,138.03230906029157,-3.821271900251822,0.08285369371629205,33.86733493075443
TMUS,1574633.0,,,,,28.761115297132807
TNDM,403304.0,,,,,20.658600403380124
TNXP,8772432.0,,,,,0.14782887527635885
TOPS,1030472.0,,,,,0.3663965249877473
TORM,103.0,,,,,0.2371090561118657
TOUR,580160.0,,,,,0.4765130945888909
TOWN,87600.0,,,,,5.121705502805044
TPIC,577598.0,,,,,9.067775996552248
TQQQ,31134881.0,79.76504469803558,79.93154423732639,-0.9415168410195888,0.14284107503339818,18.284913312748852
TRCH,9773951.0,,,,,0.15905696100540934
TREE,158859.0,,,,,53.392333206401254
TRIB,146955.0,,,,,0.9772913552525312
TRIL,1043124.0,,,,,3.720846102604469
TRIP,4091917.0,,,,,6.752107891995434
TRMB,426936.0,,,,,13.751450469413767
TRMK,86039.0,,,,,5.690657406991812
TRNS,12753.0,,,,,7.080423527707387
TROW,676178.0,,,,,33.2850257307345
TRS,85217.0,,,,,6.449783972500777
TRST,220022.0,,,,,1.3872862054019943
TRUE,791456.0,,,,,0.9202831928346016
TRUP,122817.0,,,,,20.924991704806047
TRVN,1813183.0,,,,,0.5169813412853086
TSBK,12632.0,,,,,5.1102775817259625
TSC,48144.0,,,,,3.619446705592143
TSCO,543024.0,,,,,29.323622108421606
TSEM,210015.0,,,,,5.830809960402116
TSLA,16157577.0,619.558716622861,619.9283806310142,-35.85246492953107,0.1784181840730065,130.7190168539186
TSRI,45.0,,,,,1.5951449783122114
TTEC,56357.0,,,,,15.720206999827445
TTEK,212716.0,,,,,26.6012370995218
TTGT,145984.0,,,,,11.273537376539256
TTMI,194305.0,,,,,2.948131934871459
TTNP,596204.0,,,,,0.7652202010598622
TTOO,3087317.0,,,,,0.2521349269305683
TTWO,415082.0,,,,,39.43716048512742
TUSA,1955.0,,,,,8.686269730706472
TWER,100.0,,,,,0.2067889319302848
TWIN,5860.0,,,,,1.5732221380556726
TWOU,930406.0,,,,,7.078698647195685
TXN,1401212.0,,,,,36.337849826073096
TXRH,369995.0,,,,,17.42967370583756
TZOO,22546.0,,,,,2.292702801112359
UAE,3208.0,,,,,2.5711804669210427
UBCP,10806.0,,,,,2.7756377642326204
UBFO,93978.0,,,,,1.6006259221480144
UBOH,2192.0,,,,,5.3157002776035664
UBSI,204563.0,,,,,6.740096651184071
UCBI,109322.0,,,,,5.7492408943257365
UCTT,177483.0,,,,,7.763236643298626
UEIC,16631.0,,,,,12.319150727291634
UEPS,74815.0,,,,,0.7481667968419475
UFCS,49877.0,,,,,5.293553822941341
UFPI,109734.0,,,,,11.534577847269606
UFPT,9914.0,,,,,10.463990981456961
UG,1764.0,,,,,3.0876989659432077
UHAL,35887.0,,,,,94.6646799139464
UIHC,67039.0,,,,,1.0332572132844469
ULBI,17026.0,,,,,1.460268599033426
ULH,48128.0,,,,,4.765878722754072
ULTA,287076.0,,,,,61.00059951351639
ULTR,271.0,,,,,10.862778454835707
UMBF,66428.0,,,,,15.177065661332277
UMPQ,471397.0,,,,,3.2030396768173843
UNAM,2.0,,,,,1.0679559132095129
UNB,3053.0,,,,,5.811255386730416
UNFI,285053.0,,,,,4.00095440679969
UNTY,7812.0,,,,,3.9253543940654767
UPLD,98788.0,,,,,9.564036500177457
URBN,1202422.0,,,,,6.224818863384371
USAK,148131.0,,,,,1.9248062360280032
USAP,6027.0,,,,,1.7445412064827577
USAT,49750.0,,,,,2.059161326536896
USATP,500.0,,,,,6.546891564037572
USCR,85661.0,,,,,8.223888954004158
USEG,312082.0,,,,,0.8977629878803898
USLB,0.0,,,,,7.558042093690671
USLM,3421.0,,,,,23.47935337240998
UTES,1351.0,,,,,8.656096946052543
UTHR,130510.0,,,,,29.12379097092824
UTMD,1461.0,,,,,19.75162333002152
UTSI,34633.0,,,,,0.27161958502574113
UVSP,22584.0,,,,,4.313527220891488
VALU,1342.0,,,,,6.174388124314616
VBFC,117.0,,,,,7.201388289626862
VBIV,4281958.0,,,,,0.7029739872188755
VBLT,250960.0,,,,,0.32290487358138503
VBND,942.0,,,,,11.364733645205511
VBTX,79828.0,,,,,5.037479274594361
VCEL,313963.0,,,,,5.48141226506884
VCIT,2653997.0,,,,,21.09947094488266
VCLT,347361.0,,,,,23.925415778119092
VCSH,1492636.0,,,,,18.10987907584146
VCYT,323588.0,,,,,12.575773917994622
VECO,82100.0,,,,,3.855588525924774
VGIT,220549.0,,,,,15.207570392673375
VGLT,455900.0,,,,,20.66300660455112
VGSH,354338.0,,,,,13.522955618522
VIAV,910964.0,,,,,2.9864023967584385
VICR,41585.0,,,,,18.35324241354528
VIDI,5426.0,,,,,5.365687184343077
VIGI,62899.0,,,,,17.406856732205675
VIRC,4613.0,,,,,0.5369158518001529
VIRT,637621.0,,,,,5.103331478466454
VIVE,393728.0,,,,,1.0793885928871731
VIVO,399495.0,,,,,3.9595766559873433
VKTX,596506.0,,,,,1.381358913638203
VKTXW,1300.0,,,,,1.0214803619360135
VLGEA,13264.0,,,,,4.9752704219181645
VMBS,546349.0,,,,,11.801223514554241
VNDA,103904.0,,,,,2.9129291107985664
VNET,1162682.0,,,,,6.1167384134023175
VNOM,213947.0,,,,,2.808765220462224
VNQI,74023.0,,,,,11.792563755112429
VOD,1527999.0,,,,,3.830038045846371
VONE,15400.0,,,,,37.72544070734521
VONG,36381.0,,,,,52.62740065727543
VONV,58427.0,,,,,26.1316223951966
VOXX,174130.0,,,,,2.8789160109077883
VRA,155466.0,,,,,1.805638578617867
VRAY,376393.0,,,,,0.8075731868040019
VRNS,206937.0,,,,,27.516648925584946
VRNT,145801.0,,,,,12.432473463159358
VRSK,917494.0,,,,,42.70053348319056
VRSN,163193.0,,,,,44.51413561288112
VRTB,0.0,,,,,169.11893555970036
VRTS,73439.0,,,,,44.95238944683758
VRTX,1259902.0,,,,,49.82349782505776
VSAT,209972.0,,,,,7.708737415910869
VSEC,25865.0,,,,,7.9684850218802525
VSTM,1044511.0,,,,,0.4786480919934201
VTGN,1050144.0,,,,,0.1891181467635709
VTHR,12649.0,,,,,37.36098205199008
VTIP,722791.0,,,,,11.150921389766452
VTNR,733781.0,,,,,0.17722046668016853
VTVT,1203448.0,,,,,0.4388490674846601
VTWG,36966.0,,,,,42.73728727508689
VTWO,105393.0,,,,,33.188310932924225
VTWV,56194.0,,,,,24.79584989073277
VUSE,2974.0,,,,,7.554890481127398
VUZI,3304662.0,,,,,0.9152211152550552
VWOB,305252.0,,,,,17.767233982486967
VXUS,2368005.0,,,,,12.994543926974206
VYGR,373918.0,,,,,1.7666693099246
VYMI,97113.0,,,,,13.256536560435002
WABC,87492.0,,,,,11.837786067867846
WAFD,273977.0,,,,,5.424377198664968
WASH,29470.0,,,,,9.348020569019287
WATT,3287261.0,,,,,0.40217140630961135
WAYN,1700.0,,,,,4.582815662817666
WB,614587.0,,,,,9.14581475052671
WBA,1697889.0,,,,,9.47343072448959
WCFB,0.0,,,,,1.5932197551412768
WDC,3457358.0,,,,,11.292558075434124
WDFC,23912.0,,,,,55.538383135649006
WEN,4778853.0,,,,,4.842603125341474
WERN,242151.0,,,,,8.643709842452308
WETF,353556.0,,,,,1.1143887129006835
WEYS,3237.0,,,,,3.71455218371232
WHF,48178.0,,,,,3.042245595186947
WHLM,1392.0,,,,,0.9431685768216412
WHLR,7313.0,,,,,0.6113992922488626
WHLRP,1232.0,,,,,2.3889124460904942
WIFI,1127577.0,,,,,3.362447869459408
WILC,404.0,,,,,4.210045725763712
WINA,3515.0,,,,,39.74155551288096
WING,252106.0,,,,,27.17590252466025
WINT,120611.0,,,,,1.3464647263889902
WIRE,31045.0,,,,,11.815472807958765
WIX,294589.0,,,,,55.82647139763613
WKHS,10709773.0,14.554601758878736,14.559140807024162,-2.425375020828117,0.043520307663446216,4.816099549895816
WLDN,16350.0,,,,,8.018156725448183
WLFC,5475.0,,,,,8.930572123358662
WLTW,406660.0,,,,,46.80621265260704
WOOD,22122.0,,,,,16.276156865536827
WOOF,718823.0,,,,,3.927922024247864
WPRT,1979053.0,,,,,0.9220726401740224
WRLD,15892.0,,,,,26.23319776887975
WSBC,90476.0,,,,,6.5508922734493265
WSBF,37532.0,,,,,3.9318314906057688
WSFS,186200.0,,,,,9.13828910190271
WSTG,25434.0,,,,,4.476412566156824
WSTL,3509.0,,,,,0.17239779200866526
WTBA,16720.0,,,,,4.35826107180246
WTFC,110254.0,,,,,12.929107197236116
WTFCM,1088.0,,,,,6.077495987192602
WVE,191456.0,,,,,1.9122653904721447
WVFC,1.0,,,,,3.4485680001958183
WVVI,1522.0,,,,,1.4569287378303781
WVVIP,101.0,,,,,1.222219288125383
WWD,108525.0,,,,,25.723229216088747
WYNN,2222122.0,,,,,24.76806474744534
XBIT,31830.0,,,,,4.159065186778549
XELB,197180.0,,,,,0.2432965489651717
XENE,62486.0,,,,,2.439301353225785
XENT,97452.0,,,,,4.79610574966017
XLNX,789868.0,,,,,32.27705733096912
XLRN,155953.0,,,,,25.934870194926038
XNCR,70518.0,,,,,8.535541817261295
XNET,924586.0,,,,,0.6380910280576579
XOMA,10971.0,,,,,7.1970320179573575
XONE,712380.0,,,,,2.5991289243895563
XRAY,651222.0,,,,,11.728913085107253
XTLB,5270.0,,,,,0.5241944863566254
YECO,0.0,,,,,0.30726716437868
YNDX,1146317.0,,,,,14.849097685967488
YORW,20294.0,,,,,10.156016466367053
YY,453418.0,,,,,18.57307522115768
Z,1968347.0,,,,,23.34019046594459
ZBRA,214527.0,,,,,82.58886513303703
ZEUS,31995.0,,,,,3.4814064071103945
ZG,624144.0,,,,,24.095256926663804
ZGNX,186364.0,,,,,4.85240933511559
ZION,472709.0,,,,,9.605411147224695
ZIOP,1744189.0,,,,,0.6199659505706256
ZIXI,531092.0,,,,,1.646864826176222
ZNGA,9190185.0,,,,,1.914795262941816
ZSAN,1841459.0,,,,,0.15623684707892171
ZUMZ,90199.0,,,,,8.013167589395808
ZYNE,658126.0,,,,,0.9968177593222852
